CREATE DATABASE  IF NOT EXISTS `two_pm` /*!40100 DEFAULT CHARACTER SET utf8 */;
USE `two_pm`;
-- MySQL dump 10.13  Distrib 5.6.17, for Win32 (x86)
--
-- Host: localhost    Database: two_pm
-- ------------------------------------------------------
-- Server version	5.6.22-log

/*!40101 SET @OLD_CHARACTER_SET_CLIENT=@@CHARACTER_SET_CLIENT */;
/*!40101 SET @OLD_CHARACTER_SET_RESULTS=@@CHARACTER_SET_RESULTS */;
/*!40101 SET @OLD_COLLATION_CONNECTION=@@COLLATION_CONNECTION */;
/*!40101 SET NAMES utf8 */;
/*!40103 SET @OLD_TIME_ZONE=@@TIME_ZONE */;
/*!40103 SET TIME_ZONE='+00:00' */;
/*!40014 SET @OLD_UNIQUE_CHECKS=@@UNIQUE_CHECKS, UNIQUE_CHECKS=0 */;
/*!40014 SET @OLD_FOREIGN_KEY_CHECKS=@@FOREIGN_KEY_CHECKS, FOREIGN_KEY_CHECKS=0 */;
/*!40101 SET @OLD_SQL_MODE=@@SQL_MODE, SQL_MODE='NO_AUTO_VALUE_ON_ZERO' */;
/*!40111 SET @OLD_SQL_NOTES=@@SQL_NOTES, SQL_NOTES=0 */;

--
-- Table structure for table `_sequence`
--

DROP TABLE IF EXISTS `_sequence`;
/*!40101 SET @saved_cs_client     = @@character_set_client */;
/*!40101 SET character_set_client = utf8 */;
CREATE TABLE `_sequence` (
  `seq_name` varchar(50) NOT NULL,
  `seq_val` int(10) unsigned NOT NULL,
  PRIMARY KEY (`seq_name`)
) ENGINE=InnoDB DEFAULT CHARSET=utf8;
/*!40101 SET character_set_client = @saved_cs_client */;

--
-- Dumping data for table `_sequence`
--

LOCK TABLES `_sequence` WRITE;
/*!40000 ALTER TABLE `_sequence` DISABLE KEYS */;
INSERT INTO `_sequence` VALUES ('04-12-2016',4),('05-12-2016',1),('10-12-2016',1),('11-12-2016',1),('12-12-2016',2),('13-01-2017',1),('27-01-2017',2),('29-01-2017',2),('seq_1',678),('seq_2',6);
/*!40000 ALTER TABLE `_sequence` ENABLE KEYS */;
UNLOCK TABLES;

--
-- Table structure for table `custom_autonums`
--

DROP TABLE IF EXISTS `custom_autonums`;
/*!40101 SET @saved_cs_client     = @@character_set_client */;
/*!40101 SET character_set_client = utf8 */;
CREATE TABLE `custom_autonums` (
  `id` int(11) NOT NULL AUTO_INCREMENT,
  `seq_1` varchar(20) DEFAULT NULL,
  `seq_2` varchar(20) DEFAULT NULL,
  PRIMARY KEY (`id`),
  UNIQUE KEY `seq_1` (`seq_1`),
  UNIQUE KEY `seq_2` (`seq_2`)
) ENGINE=InnoDB AUTO_INCREMENT=7 DEFAULT CHARSET=utf8;
/*!40101 SET character_set_client = @saved_cs_client */;

--
-- Dumping data for table `custom_autonums`
--

LOCK TABLES `custom_autonums` WRITE;
/*!40000 ALTER TABLE `custom_autonums` DISABLE KEYS */;
INSERT INTO `custom_autonums` VALUES (1,'001-000001','DBA-000001'),(2,'001-000002','DBA-000002'),(3,'001-000003','DBA-000003'),(4,'001-000676','DBA-000004'),(5,'001-000677','DBA-000005'),(6,'001-000678','DBA-000006');
/*!40000 ALTER TABLE `custom_autonums` ENABLE KEYS */;
UNLOCK TABLES;
/*!50003 SET @saved_cs_client      = @@character_set_client */ ;
/*!50003 SET @saved_cs_results     = @@character_set_results */ ;
/*!50003 SET @saved_col_connection = @@collation_connection */ ;
/*!50003 SET character_set_client  = utf8 */ ;
/*!50003 SET character_set_results = utf8 */ ;
/*!50003 SET collation_connection  = utf8_general_ci */ ;
/*!50003 SET @saved_sql_mode       = @@sql_mode */ ;
/*!50003 SET sql_mode              = 'STRICT_TRANS_TABLES,NO_AUTO_CREATE_USER,NO_ENGINE_SUBSTITUTION' */ ;
DELIMITER ;;
/*!50003 CREATE*/ /*!50017 DEFINER=`root`@`localhost`*/ /*!50003 TRIGGER custom_autonums_bi BEFORE INSERT ON custom_autonums
FOR each ROW
BEGIN
   SET NEW.seq_1 = getNextCustomSeq("seq_1","001");
   SET NEW.seq_2 = getNextCustomSeq("seq_2","DBA");
END */;;
DELIMITER ;
/*!50003 SET sql_mode              = @saved_sql_mode */ ;
/*!50003 SET character_set_client  = @saved_cs_client */ ;
/*!50003 SET character_set_results = @saved_cs_results */ ;
/*!50003 SET collation_connection  = @saved_col_connection */ ;

--
-- Table structure for table `main_menu_master`
--

DROP TABLE IF EXISTS `main_menu_master`;
/*!40101 SET @saved_cs_client     = @@character_set_client */;
/*!40101 SET character_set_client = utf8 */;
CREATE TABLE `main_menu_master` (
  `main_menu_id` int(11) NOT NULL AUTO_INCREMENT,
  `menu_name` varchar(250) NOT NULL,
  `menu_description` varchar(2000) DEFAULT NULL,
  `is_veg` char(1) NOT NULL COMMENT 'veg = 1, Non Veg = 0',
  `is_active` char(1) NOT NULL DEFAULT '1',
  `created_by` int(11) NOT NULL,
  `created_on` timestamp NOT NULL DEFAULT CURRENT_TIMESTAMP,
  PRIMARY KEY (`main_menu_id`),
  UNIQUE KEY `main_menu` (`menu_name`),
  KEY `created_main_menu_idx` (`created_by`),
  CONSTRAINT `created_main_menu` FOREIGN KEY (`created_by`) REFERENCES `user_master` (`user_id`) ON DELETE NO ACTION ON UPDATE NO ACTION
) ENGINE=InnoDB AUTO_INCREMENT=64 DEFAULT CHARSET=utf8 COMMENT='''''';
/*!40101 SET character_set_client = @saved_cs_client */;

--
-- Dumping data for table `main_menu_master`
--

LOCK TABLES `main_menu_master` WRITE;
/*!40000 ALTER TABLE `main_menu_master` DISABLE KEYS */;
INSERT INTO `main_menu_master` VALUES (34,'SOUP (VEG.)',NULL,'1','1',1,'2017-01-26 04:21:49'),(35,'SOUP (NON VEG.)',NULL,'0','1',1,'2017-01-26 04:21:49'),(36,'VEG STARTER',NULL,'1','1',1,'2017-01-26 04:21:49'),(37,'NON-VEG STARTER',NULL,'0','1',1,'2017-01-26 04:21:49'),(38,'MAIN COURSE VEG CHINESE',NULL,'1','1',1,'2017-01-26 04:21:49'),(39,'MAIN COURSE NON VEG CHINESE',NULL,'0','1',1,'2017-01-26 04:21:49'),(40,'MAIN COURSE PRAWNS',NULL,'0','1',1,'2017-01-26 04:21:49'),(41,'MAIN COURSE FISH',NULL,'0','1',1,'2017-01-26 04:21:49'),(42,'CRAB STARTER',NULL,'0','1',1,'2017-01-26 04:21:49'),(43,'MAIN COURSE LAMB',NULL,'0','1',1,'2017-01-26 04:21:49'),(44,'RICE & NOODLES (VEG.)',NULL,'1','1',1,'2017-01-26 04:21:49'),(45,'RICE & NOODLES (NON-VEG.)',NULL,'0','1',1,'2017-01-26 04:21:49'),(46,'SHOBRA',NULL,'0','1',1,'2017-01-26 04:21:49'),(47,'SATH SATH',NULL,'0','1',1,'2017-01-26 04:21:49'),(48,'EGG',NULL,'0','1',1,'2017-01-26 04:21:49'),(49,'INDIAN VEG STARTERS',NULL,'1','1',1,'2017-01-26 04:21:49'),(50,'INDIAN VEG SOUP',NULL,'1','1',1,'2017-01-26 04:21:49'),(51,'INDIAN CHICKEN SOUP',NULL,'0','1',1,'2017-01-26 04:21:50'),(52,'TANDOOR KI BAHAR (VEG)',NULL,'1','1',1,'2017-01-26 04:21:50'),(53,'INDIAN NON VEG STARTERS',NULL,'0','1',1,'2017-01-26 04:21:50'),(54,'TANDOOR KI BAHAR (NON VEG)',NULL,'0','1',1,'2017-01-26 04:21:50'),(55,'SEA FOOD STARTERS',NULL,'0','1',1,'2017-01-26 04:21:50'),(56,'SABJIYON KI BAHAR',NULL,'1','1',1,'2017-01-26 04:21:50'),(57,'MURGON K KHAZANA',NULL,'0','1',1,'2017-01-26 04:21:50'),(58,'SEA FOOD MAIN COURSE',NULL,'0','1',1,'2017-01-26 04:21:50'),(59,'MUTTON KA KHAZANA',NULL,'0','1',1,'2017-01-26 04:21:50'),(60,'BREAD SECTION',NULL,'1','1',1,'2017-01-26 04:21:50'),(61,'BASMATI KA KHAZANA (VEG)',NULL,'0','1',1,'2017-01-26 04:21:50'),(62,'BASMATI KA KHAZANA (NON VEG)',NULL,'1','1',1,'2017-01-26 04:21:50'),(63,'DESSERTS',NULL,'1','1',1,'2017-01-26 04:21:50');
/*!40000 ALTER TABLE `main_menu_master` ENABLE KEYS */;
UNLOCK TABLES;

--
-- Table structure for table `main_sub_menu_map`
--

DROP TABLE IF EXISTS `main_sub_menu_map`;
/*!40101 SET @saved_cs_client     = @@character_set_client */;
/*!40101 SET character_set_client = utf8 */;
CREATE TABLE `main_sub_menu_map` (
  `main_sub_menu_map_id` int(11) NOT NULL AUTO_INCREMENT,
  `main_menu_id` int(11) NOT NULL,
  `sub_menu_id` int(11) NOT NULL,
  `is_active` char(1) NOT NULL DEFAULT '1',
  `created_by` int(11) NOT NULL,
  `created_on` timestamp NOT NULL DEFAULT CURRENT_TIMESTAMP,
  PRIMARY KEY (`main_sub_menu_map_id`),
  KEY `main_menu` (`main_menu_id`),
  KEY `sub_menu` (`sub_menu_id`),
  KEY `created_ms_map_idx` (`created_by`),
  CONSTRAINT `created_ms_map` FOREIGN KEY (`created_by`) REFERENCES `user_master` (`user_id`) ON DELETE NO ACTION ON UPDATE NO ACTION,
  CONSTRAINT `ms_main_id` FOREIGN KEY (`main_menu_id`) REFERENCES `main_menu_master` (`main_menu_id`) ON DELETE NO ACTION ON UPDATE NO ACTION
) ENGINE=InnoDB AUTO_INCREMENT=511 DEFAULT CHARSET=utf8 COMMENT='''''';
/*!40101 SET character_set_client = @saved_cs_client */;

--
-- Dumping data for table `main_sub_menu_map`
--

LOCK TABLES `main_sub_menu_map` WRITE;
/*!40000 ALTER TABLE `main_sub_menu_map` DISABLE KEYS */;
INSERT INTO `main_sub_menu_map` VALUES (1,62,623,'1',1,'2017-01-26 04:23:59'),(2,62,624,'1',1,'2017-01-26 04:24:01'),(3,62,628,'1',1,'2017-01-26 04:24:03'),(4,62,626,'1',1,'2017-01-26 04:24:14'),(5,62,627,'1',1,'2017-01-26 04:24:19'),(6,62,625,'1',1,'2017-01-26 04:24:22'),(7,62,630,'1',1,'2017-01-26 04:24:32'),(8,62,629,'1',1,'2017-01-26 04:24:33'),(9,62,631,'1',1,'2017-01-26 04:24:35'),(10,62,634,'1',1,'2017-01-26 04:24:39'),(11,62,632,'1',1,'2017-01-26 04:24:51'),(12,62,633,'1',1,'2017-01-26 04:24:53'),(13,62,635,'1',1,'2017-01-26 04:25:00'),(14,62,637,'1',1,'2017-01-26 04:25:04'),(15,62,636,'1',1,'2017-01-26 04:25:06'),(16,62,638,'1',1,'2017-01-26 04:25:29'),(17,61,612,'1',1,'2017-01-26 04:26:08'),(18,61,613,'1',1,'2017-01-26 04:26:11'),(19,61,604,'1',1,'2017-01-26 04:26:26'),(20,61,605,'1',1,'2017-01-26 04:26:28'),(21,61,607,'1',1,'2017-01-26 04:26:35'),(22,61,606,'1',1,'2017-01-26 04:26:36'),(23,61,611,'1',1,'2017-01-26 04:27:02'),(24,61,610,'1',1,'2017-01-26 04:27:09'),(25,61,608,'1',1,'2017-01-26 04:27:12'),(26,61,609,'1',1,'2017-01-26 04:27:15'),(27,61,618,'1',1,'2017-01-26 04:27:28'),(28,61,619,'1',1,'2017-01-26 04:27:29'),(29,61,620,'1',1,'2017-01-26 04:27:30'),(30,61,621,'1',1,'2017-01-26 04:27:45'),(31,61,622,'1',1,'2017-01-26 04:27:51'),(32,61,617,'1',1,'2017-01-26 04:29:04'),(33,61,616,'1',1,'2017-01-26 04:29:16'),(34,60,583,'1',1,'2017-01-26 04:29:32'),(35,60,600,'1',1,'2017-01-26 04:29:33'),(36,60,582,'1',1,'2017-01-26 04:29:35'),(37,60,599,'1',1,'2017-01-26 04:29:36'),(38,60,597,'1',1,'2017-01-26 04:29:50'),(39,60,592,'1',1,'2017-01-26 04:29:51'),(40,60,587,'1',1,'2017-01-26 04:29:52'),(41,60,602,'1',1,'2017-01-26 04:29:59'),(42,60,591,'1',1,'2017-01-26 04:30:02'),(43,60,593,'1',1,'2017-01-26 04:30:08'),(44,60,584,'1',1,'2017-01-26 04:30:09'),(45,60,590,'1',1,'2017-01-26 04:30:11'),(46,60,598,'1',1,'2017-01-26 04:30:12'),(47,60,594,'1',1,'2017-01-26 04:31:19'),(48,60,596,'1',1,'2017-01-26 04:31:20'),(49,60,588,'1',1,'2017-01-26 04:31:21'),(50,60,595,'1',1,'2017-01-26 04:31:22'),(51,60,601,'1',1,'2017-01-26 04:31:23'),(52,60,585,'1',1,'2017-01-26 04:31:24'),(53,60,589,'1',1,'2017-01-26 04:31:31'),(54,60,586,'1',1,'2017-01-26 04:31:32'),(55,42,181,'1',1,'2017-01-26 04:33:17'),(56,42,180,'1',1,'2017-01-26 04:33:20'),(57,63,639,'1',1,'2017-01-26 04:33:38'),(58,63,649,'1',1,'2017-01-26 04:33:43'),(59,63,691,'0',1,'2017-01-26 04:34:22'),(60,63,645,'1',1,'2017-01-26 04:34:33'),(61,63,642,'1',1,'2017-01-26 04:35:14'),(62,63,647,'1',1,'2017-01-26 04:35:36'),(63,63,648,'1',1,'2017-01-26 04:35:47'),(64,63,650,'1',1,'2017-01-26 04:35:54'),(65,63,651,'1',1,'2017-01-26 04:36:02'),(66,63,652,'1',1,'2017-01-26 04:36:09'),(67,63,653,'1',1,'2017-01-26 04:36:15'),(68,63,655,'1',1,'2017-01-26 04:36:23'),(69,63,654,'1',1,'2017-01-26 04:36:24'),(70,61,614,'1',1,'2017-01-26 04:27:06'),(71,48,723,'1',1,'2017-01-26 10:40:13'),(72,48,725,'1',1,'2017-01-26 10:40:14'),(73,48,726,'1',1,'2017-01-26 10:40:16'),(74,48,719,'1',1,'2017-01-26 10:40:19'),(75,48,629,'0',1,'2017-01-26 10:40:21'),(76,48,718,'1',1,'2017-01-26 10:40:31'),(77,48,720,'1',1,'2017-01-26 10:40:42'),(78,48,721,'1',1,'2017-01-26 10:40:50'),(79,48,717,'1',1,'2017-01-26 10:40:54'),(80,48,724,'1',1,'2017-01-26 10:41:08'),(81,51,1,'0',1,'2017-01-26 10:58:49'),(82,53,338,'1',1,'2017-01-26 11:04:29'),(83,53,344,'1',1,'2017-01-26 11:04:33'),(84,53,304,'0',1,'2017-01-26 11:04:39'),(85,53,345,'1',1,'2017-01-26 11:13:01'),(86,53,346,'1',1,'2017-01-26 11:13:04'),(87,53,339,'1',1,'2017-01-26 11:13:09'),(88,53,340,'1',1,'2017-01-26 11:19:54'),(89,53,341,'1',1,'2017-01-26 11:20:13'),(90,53,354,'1',1,'2017-01-26 11:20:35'),(91,53,342,'1',1,'2017-01-26 11:20:55'),(92,53,424,'1',1,'2017-01-26 11:21:18'),(93,53,347,'1',1,'2017-01-26 11:21:42'),(94,53,348,'1',1,'2017-01-26 11:21:48'),(95,53,349,'1',1,'2017-01-26 11:21:57'),(96,53,350,'1',1,'2017-01-26 11:22:04'),(97,53,351,'1',1,'2017-01-26 11:22:14'),(98,53,352,'1',1,'2017-01-26 11:23:12'),(99,53,353,'1',1,'2017-01-26 11:23:28'),(100,53,355,'1',1,'2017-01-26 11:23:52'),(101,53,356,'1',1,'2017-01-26 11:24:00'),(102,53,357,'1',1,'2017-01-26 11:24:07'),(103,50,1,'1',1,'2017-01-26 15:28:35'),(104,50,18,'1',1,'2017-01-26 15:28:50'),(105,50,9,'1',1,'2017-01-26 15:28:54'),(106,50,10,'1',1,'2017-01-26 15:36:40'),(107,50,27,'0',1,'2017-01-26 15:36:51'),(108,50,7,'1',1,'2017-01-26 15:36:56'),(109,50,8,'1',1,'2017-01-26 15:37:19'),(110,50,15,'1',1,'2017-01-26 15:37:21'),(111,50,2,'1',1,'2017-01-26 15:37:27'),(112,50,13,'1',1,'2017-01-26 15:37:35'),(113,50,14,'1',1,'2017-01-26 15:37:37'),(114,50,33,'0',1,'2017-01-26 15:38:30'),(115,51,19,'1',1,'2017-01-26 15:39:28'),(116,51,18,'0',1,'2017-01-26 15:40:04'),(117,51,7,'0',1,'2017-01-26 15:40:16'),(118,51,25,'1',1,'2017-01-26 15:40:18'),(119,51,26,'1',1,'2017-01-26 15:40:45'),(120,51,33,'1',1,'2017-01-26 15:40:54'),(121,41,174,'1',1,'2017-01-26 15:46:43'),(122,41,177,'1',1,'2017-01-26 15:47:19'),(123,41,176,'1',1,'2017-01-26 15:47:38'),(124,41,178,'1',1,'2017-01-26 15:47:42'),(125,41,179,'1',1,'2017-01-26 15:47:44'),(126,43,142,'1',1,'2017-01-26 15:48:24'),(127,43,185,'0',1,'2017-01-26 15:48:28'),(128,43,182,'1',1,'2017-01-26 15:48:30'),(129,43,146,'1',1,'2017-01-26 15:48:31'),(130,43,141,'1',1,'2017-01-26 15:48:33'),(131,41,175,'1',1,'2017-01-26 17:46:32'),(132,43,148,'1',1,'2017-01-26 17:50:36'),(133,43,147,'1',1,'2017-01-26 18:01:09'),(134,43,145,'1',1,'2017-01-26 18:01:23'),(135,43,186,'1',1,'2017-01-26 18:01:27'),(136,43,143,'1',1,'2017-01-26 18:01:44'),(137,43,144,'1',1,'2017-01-26 18:01:48'),(138,39,149,'1',1,'2017-01-26 18:03:37'),(139,39,150,'1',1,'2017-01-26 18:03:38'),(140,39,151,'1',1,'2017-01-26 18:04:06'),(141,39,161,'1',1,'2017-01-26 18:04:07'),(142,39,152,'1',1,'2017-01-26 18:04:14'),(143,39,153,'1',1,'2017-01-26 18:04:17'),(144,39,162,'1',1,'2017-01-26 18:04:19'),(145,40,163,'1',1,'2017-01-26 18:06:36'),(146,40,164,'1',1,'2017-01-26 18:07:01'),(147,40,166,'1',1,'2017-01-26 18:07:13'),(148,40,167,'1',1,'2017-01-26 18:07:19'),(149,40,168,'1',1,'2017-01-26 18:07:25'),(150,40,169,'1',1,'2017-01-26 18:07:32'),(151,40,170,'1',1,'2017-01-26 18:07:41'),(152,40,128,'1',1,'2017-01-26 18:10:25'),(153,40,172,'1',1,'2017-01-26 18:10:37'),(154,40,173,'1',1,'2017-01-26 18:10:44'),(155,57,302,'1',1,'2017-01-26 18:17:22'),(156,57,303,'1',1,'2017-01-26 18:17:30'),(157,57,349,'1',1,'2017-01-26 18:17:32'),(158,57,305,'1',1,'2017-01-26 18:17:38'),(159,57,306,'1',1,'2017-01-26 18:17:43'),(160,57,307,'1',1,'2017-01-26 18:18:05'),(161,57,308,'1',1,'2017-01-26 18:18:19'),(162,57,537,'1',1,'2017-01-26 18:19:11'),(163,57,310,'1',1,'2017-01-26 18:23:33'),(164,57,312,'1',1,'2017-01-26 18:23:46'),(165,57,311,'1',1,'2017-01-26 18:23:47'),(166,57,313,'1',1,'2017-01-26 18:23:54'),(167,57,314,'1',1,'2017-01-26 18:24:01'),(168,57,317,'1',1,'2017-01-26 18:24:27'),(169,57,318,'1',1,'2017-01-26 18:24:33'),(170,57,319,'1',1,'2017-01-26 18:24:40'),(171,57,534,'1',1,'2017-01-26 18:24:48'),(172,57,535,'1',1,'2017-01-26 18:24:55'),(173,57,536,'1',1,'2017-01-26 18:25:08'),(174,57,309,'1',1,'2017-01-26 18:25:38'),(175,57,538,'1',1,'2017-01-26 18:26:17'),(176,57,539,'1',1,'2017-01-26 18:26:23'),(177,57,540,'1',1,'2017-01-26 18:26:31'),(178,57,541,'1',1,'2017-01-26 18:26:41'),(179,57,542,'1',1,'2017-01-26 18:26:49'),(180,57,543,'1',1,'2017-01-26 18:27:05'),(181,57,544,'1',1,'2017-01-26 18:27:13'),(182,57,545,'1',1,'2017-01-26 18:27:24'),(183,57,546,'1',1,'2017-01-26 18:27:25'),(184,57,547,'1',1,'2017-01-26 18:27:27'),(185,57,548,'1',1,'2017-01-26 18:27:41'),(186,57,550,'1',1,'2017-01-26 18:27:58'),(187,57,549,'1',1,'2017-01-26 18:28:03'),(188,57,352,'1',1,'2017-01-26 18:28:12'),(189,57,315,'1',1,'2017-01-26 18:28:36'),(190,59,563,'1',1,'2017-01-26 18:29:47'),(191,59,564,'1',1,'2017-01-26 18:29:58'),(192,59,565,'1',1,'2017-01-26 18:29:59'),(193,59,566,'1',1,'2017-01-26 18:30:06'),(194,59,567,'1',1,'2017-01-26 18:30:11'),(195,59,568,'1',1,'2017-01-26 18:30:16'),(196,59,569,'1',1,'2017-01-26 18:30:33'),(197,59,570,'1',1,'2017-01-26 18:30:46'),(198,59,571,'1',1,'2017-01-26 18:32:28'),(199,59,572,'1',1,'2017-01-26 18:32:40'),(200,59,573,'1',1,'2017-01-26 18:32:46'),(201,59,574,'1',1,'2017-01-26 18:32:54'),(202,59,575,'1',1,'2017-01-26 18:33:06'),(203,59,576,'1',1,'2017-01-26 18:33:13'),(204,59,577,'1',1,'2017-01-26 18:33:34'),(205,59,579,'1',1,'2017-01-26 18:33:44'),(206,59,580,'1',1,'2017-01-26 18:33:45'),(207,59,581,'1',1,'2017-01-26 18:33:53'),(208,37,338,'1',1,'2017-01-26 18:35:17'),(209,37,339,'1',1,'2017-01-26 18:35:26'),(210,37,342,'1',1,'2017-01-26 18:35:28'),(211,37,340,'1',1,'2017-01-26 18:35:33'),(212,37,341,'1',1,'2017-01-26 18:35:40'),(213,37,343,'1',1,'2017-01-26 18:35:53'),(214,37,344,'1',1,'2017-01-26 18:36:11'),(215,37,345,'1',1,'2017-01-26 18:36:21'),(216,37,346,'1',1,'2017-01-26 18:36:29'),(217,37,347,'1',1,'2017-01-26 18:36:37'),(218,37,348,'1',1,'2017-01-26 18:36:47'),(219,37,349,'1',1,'2017-01-26 18:36:55'),(220,37,350,'1',1,'2017-01-26 18:37:05'),(221,37,351,'1',1,'2017-01-26 18:37:55'),(222,37,352,'1',1,'2017-01-26 18:38:01'),(223,37,353,'1',1,'2017-01-26 18:38:06'),(224,37,354,'1',1,'2017-01-26 18:38:15'),(225,37,355,'1',1,'2017-01-26 18:38:20'),(226,37,356,'1',1,'2017-01-26 18:38:27'),(227,37,357,'1',1,'2017-01-26 18:38:39'),(228,45,187,'1',1,'2017-01-26 18:39:30'),(229,45,188,'1',1,'2017-01-26 18:39:31'),(230,45,189,'1',1,'2017-01-26 18:39:34'),(231,45,190,'1',1,'2017-01-26 18:39:50'),(232,45,191,'1',1,'2017-01-26 18:39:58'),(233,45,192,'1',1,'2017-01-26 18:40:05'),(234,45,193,'1',1,'2017-01-26 18:40:14'),(235,45,194,'1',1,'2017-01-26 18:40:25'),(236,45,195,'1',1,'2017-01-26 18:40:36'),(237,45,196,'1',1,'2017-01-26 18:40:44'),(238,45,199,'1',1,'2017-01-26 18:42:31'),(239,45,198,'1',1,'2017-01-26 18:42:44'),(240,45,200,'1',1,'2017-01-26 18:42:50'),(241,45,201,'1',1,'2017-01-26 18:43:13'),(242,45,202,'1',1,'2017-01-26 18:43:30'),(243,45,203,'1',1,'2017-01-26 18:43:44'),(244,45,204,'1',1,'2017-01-26 18:43:51'),(245,45,205,'1',1,'2017-01-26 18:44:20'),(246,45,206,'1',1,'2017-01-26 18:44:27'),(247,45,207,'1',1,'2017-01-26 18:44:35'),(248,45,209,'1',1,'2017-01-26 18:44:55'),(249,45,211,'1',1,'2017-01-26 18:45:48'),(250,45,212,'1',1,'2017-01-26 18:46:01'),(251,45,213,'1',1,'2017-01-26 18:46:07'),(252,45,214,'1',1,'2017-01-26 18:46:15'),(253,45,215,'1',1,'2017-01-26 18:46:24'),(254,45,216,'1',1,'2017-01-26 18:46:43'),(255,45,217,'1',1,'2017-01-26 18:46:49'),(256,45,218,'1',1,'2017-01-26 18:46:54'),(257,45,219,'1',1,'2017-01-26 18:47:01'),(258,45,220,'1',1,'2017-01-26 18:47:17'),(259,45,221,'1',1,'2017-01-26 18:47:25'),(260,45,222,'1',1,'2017-01-26 18:47:27'),(261,45,223,'1',1,'2017-01-26 18:47:35'),(262,45,224,'1',1,'2017-01-26 18:47:41'),(263,45,228,'1',1,'2017-01-26 18:48:23'),(264,45,229,'1',1,'2017-01-26 18:48:29'),(265,45,230,'1',1,'2017-01-26 18:48:41'),(266,45,231,'1',1,'2017-01-26 18:48:50'),(267,45,233,'1',1,'2017-01-26 18:48:58'),(268,45,226,'1',1,'2017-01-26 18:49:09'),(269,45,227,'1',1,'2017-01-26 18:49:15'),(270,44,234,'1',1,'2017-01-27 05:10:20'),(271,44,235,'1',1,'2017-01-27 05:10:48'),(272,44,247,'1',1,'2017-01-27 05:10:57'),(273,44,236,'1',1,'2017-01-27 05:11:05'),(274,44,237,'1',1,'2017-01-27 05:11:32'),(275,44,242,'1',1,'2017-01-27 05:11:33'),(276,44,244,'1',1,'2017-01-27 05:11:39'),(277,44,238,'0',1,'2017-01-27 05:11:40'),(278,44,239,'1',1,'2017-01-27 05:11:46'),(279,44,249,'1',1,'2017-01-27 05:11:48'),(280,44,240,'1',1,'2017-01-27 05:12:02'),(281,44,241,'1',1,'2017-01-27 05:12:07'),(282,44,243,'1',1,'2017-01-27 05:12:16'),(283,44,245,'1',1,'2017-01-27 05:12:23'),(284,44,246,'1',1,'2017-01-27 05:12:36'),(285,44,258,'1',1,'2017-01-27 05:12:45'),(286,44,248,'1',1,'2017-01-27 05:12:47'),(287,44,250,'1',1,'2017-01-27 05:13:02'),(288,44,251,'1',1,'2017-01-27 05:13:08'),(289,44,255,'1',1,'2017-01-27 05:14:35'),(290,44,256,'1',1,'2017-01-27 05:14:43'),(291,44,257,'1',1,'2017-01-27 05:17:45'),(292,44,261,'1',1,'2017-01-27 05:17:52'),(293,44,260,'1',1,'2017-01-27 05:17:55'),(294,56,474,'1',1,'2017-01-27 05:19:56'),(295,56,473,'1',1,'2017-01-27 05:20:01'),(296,56,472,'1',1,'2017-01-27 05:20:02'),(297,56,471,'1',1,'2017-01-27 05:20:04'),(298,56,597,'1',1,'2017-01-27 05:20:06'),(299,56,475,'1',1,'2017-01-27 05:20:07'),(300,56,580,'1',1,'2017-01-27 05:20:43'),(301,56,579,'1',1,'2017-01-27 05:20:50'),(302,56,477,'1',1,'2017-01-27 05:20:55'),(303,56,476,'1',1,'2017-01-27 05:20:58'),(304,56,479,'1',1,'2017-01-27 05:21:06'),(305,56,480,'1',1,'2017-01-27 05:21:08'),(306,56,481,'1',1,'2017-01-27 05:21:21'),(307,56,482,'1',1,'2017-01-27 05:25:36'),(308,56,483,'1',1,'2017-01-27 05:25:56'),(309,44,483,'1',1,'2017-01-27 05:32:37'),(310,44,485,'0',1,'2017-01-27 05:32:49'),(311,44,488,'0',1,'2017-01-27 05:32:52'),(312,44,487,'0',1,'2017-01-27 05:33:19'),(313,44,489,'0',1,'2017-01-27 05:33:29'),(314,44,492,'0',1,'2017-01-27 05:35:13'),(315,44,493,'0',1,'2017-01-27 05:35:21'),(316,44,494,'0',1,'2017-01-27 05:35:29'),(317,44,495,'0',1,'2017-01-27 05:35:38'),(318,44,496,'0',1,'2017-01-27 05:35:45'),(319,44,497,'0',1,'2017-01-27 05:35:53'),(320,44,513,'0',1,'2017-01-27 05:35:54'),(321,44,498,'0',1,'2017-01-27 05:36:06'),(322,44,515,'0',1,'2017-01-27 05:36:07'),(323,44,499,'0',1,'2017-01-27 05:36:25'),(324,44,500,'0',1,'2017-01-27 05:36:30'),(325,44,501,'0',1,'2017-01-27 05:36:49'),(326,44,502,'0',1,'2017-01-27 05:37:27'),(327,56,511,'1',1,'2017-01-27 05:44:15'),(328,56,485,'1',1,'2017-01-27 05:52:05'),(329,56,486,'1',1,'2017-01-27 05:52:11'),(330,56,498,'1',1,'2017-01-27 05:52:14'),(331,56,487,'1',1,'2017-01-27 05:52:21'),(332,56,488,'1',1,'2017-01-27 05:52:28'),(333,56,489,'1',1,'2017-01-27 05:52:33'),(334,56,491,'1',1,'2017-01-27 05:52:53'),(335,56,492,'1',1,'2017-01-27 05:53:00'),(336,56,493,'1',1,'2017-01-27 05:53:08'),(337,56,494,'1',1,'2017-01-27 05:53:16'),(338,56,495,'1',1,'2017-01-27 05:53:26'),(339,56,496,'1',1,'2017-01-27 05:53:32'),(340,56,497,'1',1,'2017-01-27 05:53:40'),(341,56,499,'1',1,'2017-01-27 05:54:03'),(342,56,500,'1',1,'2017-01-27 05:54:13'),(343,56,501,'1',1,'2017-01-27 05:54:19'),(344,56,502,'1',1,'2017-01-27 05:54:24'),(345,56,503,'1',1,'2017-01-27 05:54:30'),(346,56,514,'1',1,'2017-01-27 05:54:32'),(347,56,504,'1',1,'2017-01-27 05:54:49'),(348,56,505,'1',1,'2017-01-27 05:54:54'),(349,56,506,'1',1,'2017-01-27 05:55:01'),(350,56,507,'1',1,'2017-01-27 05:55:12'),(351,56,508,'1',1,'2017-01-27 05:55:23'),(352,56,510,'1',1,'2017-01-27 05:55:29'),(353,56,484,'1',1,'2017-01-27 05:58:01'),(354,56,512,'1',1,'2017-01-27 05:58:16'),(355,56,513,'1',1,'2017-01-27 05:58:22'),(356,56,515,'1',1,'2017-01-27 05:58:49'),(357,56,519,'1',1,'2017-01-27 05:58:59'),(358,56,517,'1',1,'2017-01-27 05:59:08'),(359,56,518,'1',1,'2017-01-27 05:59:16'),(360,56,520,'1',1,'2017-01-27 05:59:36'),(361,56,521,'1',1,'2017-01-27 06:02:25'),(362,56,522,'1',1,'2017-01-27 06:03:07'),(363,56,523,'1',1,'2017-01-27 06:03:23'),(364,56,524,'1',1,'2017-01-27 06:03:36'),(365,56,525,'1',1,'2017-01-27 06:03:43'),(366,56,526,'1',1,'2017-01-27 06:03:49'),(367,56,527,'1',1,'2017-01-27 06:03:51'),(368,56,528,'1',1,'2017-01-27 06:03:53'),(369,56,529,'1',1,'2017-01-27 06:03:56'),(370,56,530,'1',1,'2017-01-27 06:04:05'),(371,56,531,'1',1,'2017-01-27 06:04:11'),(372,56,532,'1',1,'2017-01-27 06:05:33'),(373,56,533,'1',1,'2017-01-27 06:05:53'),(374,56,673,'1',1,'2017-01-27 06:06:41'),(375,47,705,'1',1,'2017-01-27 06:07:48'),(376,47,704,'1',1,'2017-01-27 06:07:49'),(377,47,703,'1',1,'2017-01-27 06:07:50'),(378,47,714,'1',1,'2017-01-27 06:07:52'),(379,47,712,'1',1,'2017-01-27 06:08:11'),(380,47,711,'1',1,'2017-01-27 06:15:18'),(381,47,707,'1',1,'2017-01-27 06:15:20'),(382,47,706,'1',1,'2017-01-27 06:15:24'),(383,47,709,'1',1,'2017-01-27 06:15:33'),(384,47,710,'1',1,'2017-01-27 06:15:34'),(385,47,713,'1',1,'2017-01-27 06:15:35'),(386,47,715,'1',1,'2017-01-27 06:15:42'),(387,47,708,'1',1,'2017-01-27 06:15:51'),(388,58,555,'1',1,'2017-01-27 06:16:44'),(389,58,557,'1',1,'2017-01-27 06:16:46'),(390,58,561,'1',1,'2017-01-27 06:16:48'),(391,58,559,'1',1,'2017-01-27 06:16:49'),(392,58,553,'1',1,'2017-01-27 06:23:21'),(393,55,440,'1',1,'2017-01-27 06:23:42'),(394,55,443,'1',1,'2017-01-27 06:23:43'),(395,55,442,'1',1,'2017-01-27 06:23:44'),(396,55,441,'1',1,'2017-01-27 06:23:45'),(397,55,444,'1',1,'2017-01-27 06:45:06'),(398,55,445,'1',1,'2017-01-27 06:45:08'),(399,55,446,'1',1,'2017-01-27 06:45:17'),(400,55,447,'1',1,'2017-01-27 06:45:29'),(401,55,448,'1',1,'2017-01-27 06:45:30'),(402,55,449,'1',1,'2017-01-27 06:45:35'),(403,55,450,'1',1,'2017-01-27 06:45:36'),(404,55,451,'1',1,'2017-01-27 06:45:46'),(405,55,453,'1',1,'2017-01-27 06:45:48'),(406,55,454,'1',1,'2017-01-27 06:45:52'),(407,55,455,'1',1,'2017-01-27 06:45:55'),(408,55,456,'1',1,'2017-01-27 06:46:03'),(409,55,458,'1',1,'2017-01-27 06:46:12'),(410,55,459,'1',1,'2017-01-27 06:48:52'),(411,55,460,'1',1,'2017-01-27 06:49:07'),(412,55,461,'1',1,'2017-01-27 06:49:12'),(413,55,462,'1',1,'2017-01-27 06:49:16'),(414,55,463,'1',1,'2017-01-27 06:49:20'),(415,55,464,'1',1,'2017-01-27 06:49:30'),(416,55,465,'1',1,'2017-01-27 06:49:42'),(417,55,466,'1',1,'2017-01-27 06:49:48'),(418,55,467,'1',1,'2017-01-27 06:49:52'),(419,55,468,'1',1,'2017-01-27 06:50:05'),(420,55,469,'1',1,'2017-01-27 06:51:53'),(421,55,470,'1',1,'2017-01-27 06:51:58'),(422,51,3,'0',1,'2017-01-27 06:58:56'),(423,51,21,'1',1,'2017-01-27 06:59:03'),(424,51,24,'1',1,'2017-01-27 06:59:29'),(425,51,23,'1',1,'2017-01-27 06:59:31'),(426,51,294,'1',1,'2017-01-27 06:59:43'),(427,51,27,'1',1,'2017-01-27 07:00:22'),(428,51,36,'1',1,'2017-01-27 07:00:36'),(429,51,28,'1',1,'2017-01-27 07:00:45'),(430,51,20,'1',1,'2017-01-27 07:00:58'),(431,51,31,'1',1,'2017-01-27 07:01:03'),(432,51,39,'1',1,'2017-01-27 07:01:07'),(433,51,32,'1',1,'2017-01-27 07:01:13'),(434,51,38,'1',1,'2017-01-27 07:01:19'),(435,51,37,'1',1,'2017-01-27 07:01:26'),(436,51,22,'1',1,'2017-01-27 07:01:39'),(437,51,29,'1',1,'2017-01-27 07:01:42'),(438,51,34,'1',1,'2017-01-27 07:01:47'),(439,50,11,'1',1,'2017-01-27 07:02:36'),(440,50,3,'1',1,'2017-01-27 07:02:44'),(441,50,287,'1',1,'2017-01-27 07:03:08'),(442,54,417,'1',1,'2017-01-27 07:04:06'),(443,54,418,'1',1,'2017-01-27 07:04:16'),(444,54,310,'1',1,'2017-01-27 07:04:18'),(445,54,421,'1',1,'2017-01-27 07:04:23'),(446,54,422,'1',1,'2017-01-27 07:04:29'),(447,54,423,'1',1,'2017-01-27 07:04:33'),(448,54,424,'1',1,'2017-01-27 07:04:36'),(449,54,425,'1',1,'2017-01-27 07:04:39'),(450,54,427,'1',1,'2017-01-27 07:04:43'),(451,54,426,'1',1,'2017-01-27 07:04:46'),(452,54,437,'1',1,'2017-01-27 07:04:54'),(453,54,428,'1',1,'2017-01-27 07:04:55'),(454,54,436,'1',1,'2017-01-27 07:04:56'),(455,54,434,'1',1,'2017-01-27 07:04:57'),(456,54,438,'1',1,'2017-01-27 07:04:59'),(457,54,429,'1',1,'2017-01-27 07:05:06'),(458,54,409,'1',1,'2017-01-27 07:05:29'),(459,54,410,'1',1,'2017-01-27 07:05:34'),(460,54,412,'1',1,'2017-01-27 07:05:37'),(461,54,411,'1',1,'2017-01-27 07:05:40'),(462,54,414,'1',1,'2017-01-27 07:05:43'),(463,54,415,'1',1,'2017-01-27 07:05:45'),(464,54,413,'1',1,'2017-01-27 07:05:47'),(465,54,727,'1',1,'2017-01-27 07:08:20'),(466,54,416,'1',1,'2017-01-27 07:08:33'),(467,54,420,'1',1,'2017-01-27 07:08:41'),(468,54,430,'1',1,'2017-01-27 07:08:48'),(469,54,431,'1',1,'2017-01-27 07:09:03'),(470,54,435,'1',1,'2017-01-27 07:09:14'),(471,52,328,'1',1,'2017-01-27 07:09:41'),(472,52,324,'1',1,'2017-01-27 07:09:45'),(473,52,327,'1',1,'2017-01-27 07:09:59'),(474,52,322,'1',1,'2017-01-27 07:10:04'),(475,52,320,'1',1,'2017-01-27 07:10:07'),(476,52,325,'1',1,'2017-01-27 07:10:30'),(477,52,329,'1',1,'2017-01-27 07:10:54'),(478,52,330,'1',1,'2017-01-27 07:11:08'),(479,52,331,'1',1,'2017-01-27 07:11:18'),(480,52,332,'1',1,'2017-01-27 07:11:29'),(481,52,333,'1',1,'2017-01-27 07:11:35'),(482,52,334,'1',1,'2017-01-27 07:11:42'),(483,52,335,'1',1,'2017-01-27 07:11:50'),(484,52,337,'1',1,'2017-01-27 07:12:03'),(485,52,728,'1',1,'2017-01-27 07:14:59'),(486,36,729,'1',1,'2017-01-27 07:55:19'),(487,36,262,'1',1,'2017-01-27 07:55:30'),(488,36,263,'1',1,'2017-01-27 07:55:41'),(489,36,264,'1',1,'2017-01-27 07:55:52'),(490,36,265,'1',1,'2017-01-27 07:56:41'),(491,36,266,'1',1,'2017-01-27 07:56:47'),(492,36,730,'1',1,'2017-01-27 07:58:32'),(493,36,267,'1',1,'2017-01-27 07:58:41'),(494,36,268,'1',1,'2017-01-27 07:59:47'),(495,36,269,'1',1,'2017-01-27 08:00:00'),(496,36,270,'1',1,'2017-01-27 08:00:07'),(497,36,271,'1',1,'2017-01-27 08:00:28'),(498,36,278,'1',1,'2017-01-27 08:00:38'),(499,36,731,'1',1,'2017-01-27 08:06:39'),(500,36,728,'1',1,'2017-01-27 08:08:25'),(501,36,272,'1',1,'2017-01-27 08:08:43'),(502,36,273,'1',1,'2017-01-27 08:08:52'),(503,36,274,'1',1,'2017-01-27 08:08:59'),(504,36,275,'1',1,'2017-01-27 08:09:08'),(505,36,276,'1',1,'2017-01-27 08:09:26'),(506,36,277,'1',1,'2017-01-27 08:12:43'),(507,36,281,'1',1,'2017-01-27 08:13:08'),(508,36,280,'1',1,'2017-01-27 08:13:15'),(509,36,279,'1',1,'2017-01-27 08:13:24'),(510,62,281,'0',1,'2017-01-29 06:31:23');
/*!40000 ALTER TABLE `main_sub_menu_map` ENABLE KEYS */;
UNLOCK TABLES;

--
-- Table structure for table `order_master`
--

DROP TABLE IF EXISTS `order_master`;
/*!40101 SET @saved_cs_client     = @@character_set_client */;
/*!40101 SET character_set_client = utf8 */;
CREATE TABLE `order_master` (
  `order_id` int(11) NOT NULL AUTO_INCREMENT,
  `order_sequence` varchar(50) DEFAULT '0',
  `table_id` int(11) DEFAULT NULL,
  `waiter_id` int(11) DEFAULT NULL,
  `tax` varchar(10) DEFAULT NULL,
  `customer_name` varchar(250) DEFAULT NULL,
  `customer_address` varchar(2000) DEFAULT NULL,
  `mobile_number` varchar(11) DEFAULT NULL,
  `status_id` int(11) NOT NULL,
  `is_active` char(1) NOT NULL DEFAULT '1',
  `created_by` int(11) NOT NULL,
  `created_on` timestamp NOT NULL DEFAULT CURRENT_TIMESTAMP,
  `discount_amt` float NOT NULL DEFAULT '0',
  `advance_amt` float NOT NULL DEFAULT '0',
  PRIMARY KEY (`order_id`),
  KEY `created_order_idx` (`created_by`),
  KEY `order_status_idx` (`status_id`),
  CONSTRAINT `created_order` FOREIGN KEY (`created_by`) REFERENCES `user_master` (`user_id`) ON DELETE NO ACTION ON UPDATE NO ACTION,
  CONSTRAINT `order_status` FOREIGN KEY (`status_id`) REFERENCES `status_master` (`status_id`) ON DELETE NO ACTION ON UPDATE NO ACTION
) ENGINE=InnoDB AUTO_INCREMENT=116 DEFAULT CHARSET=utf8;
/*!40101 SET character_set_client = @saved_cs_client */;

--
-- Dumping data for table `order_master`
--

LOCK TABLES `order_master` WRITE;
/*!40000 ALTER TABLE `order_master` DISABLE KEYS */;
INSERT INTO `order_master` VALUES (112,'27-01-2017-000001',2,NULL,NULL,NULL,NULL,NULL,4,'1',1,'2017-01-27 08:39:07',0,0),(113,'27-01-2017-000002',2,NULL,NULL,NULL,NULL,NULL,4,'1',1,'2017-01-27 08:43:13',0,0),(114,'29-01-2017-000001',2,NULL,NULL,NULL,NULL,NULL,3,'1',1,'2017-01-29 06:09:29',0,0),(115,'29-01-2017-000002',0,NULL,NULL,'Pankaj','Diwanmaan','999999999',3,'1',1,'2017-01-29 06:27:09',0,0);
/*!40000 ALTER TABLE `order_master` ENABLE KEYS */;
UNLOCK TABLES;

--
-- Table structure for table `order_menu_map`
--

DROP TABLE IF EXISTS `order_menu_map`;
/*!40101 SET @saved_cs_client     = @@character_set_client */;
/*!40101 SET character_set_client = utf8 */;
CREATE TABLE `order_menu_map` (
  `order_menu_map_id` int(11) NOT NULL AUTO_INCREMENT,
  `order_id` int(11) NOT NULL,
  `main_sub_menu_map_id` int(11) NOT NULL,
  `quantity` int(11) NOT NULL,
  `unit_price` float NOT NULL DEFAULT '0',
  `status_id` int(11) DEFAULT NULL,
  `notes` varchar(2000) DEFAULT NULL,
  `is_active` char(1) NOT NULL DEFAULT '1',
  `created_by` int(11) NOT NULL,
  `created_on` timestamp NOT NULL DEFAULT CURRENT_TIMESTAMP,
  `order_price` float NOT NULL DEFAULT '0',
  PRIMARY KEY (`order_menu_map_id`),
  KEY `order_ms_id_idx` (`main_sub_menu_map_id`),
  KEY `quantity` (`quantity`) USING BTREE,
  KEY `orderm_orderid_idx` (`order_id`),
  KEY `orderm_status_idx` (`status_id`),
  CONSTRAINT `order_ms_id` FOREIGN KEY (`main_sub_menu_map_id`) REFERENCES `main_sub_menu_map` (`main_sub_menu_map_id`) ON DELETE NO ACTION ON UPDATE NO ACTION,
  CONSTRAINT `orderm_orderid` FOREIGN KEY (`order_id`) REFERENCES `order_master` (`order_id`) ON DELETE NO ACTION ON UPDATE NO ACTION,
  CONSTRAINT `orderm_status` FOREIGN KEY (`status_id`) REFERENCES `status_master` (`status_id`) ON DELETE NO ACTION ON UPDATE NO ACTION
) ENGINE=InnoDB AUTO_INCREMENT=6 DEFAULT CHARSET=utf8;
/*!40101 SET character_set_client = @saved_cs_client */;

--
-- Dumping data for table `order_menu_map`
--

LOCK TABLES `order_menu_map` WRITE;
/*!40000 ALTER TABLE `order_menu_map` DISABLE KEYS */;
INSERT INTO `order_menu_map` VALUES (1,112,426,1,80,4,'','1',1,'2017-01-27 08:39:07',80),(3,114,36,1,10,3,'','1',1,'2017-01-29 06:09:30',10),(4,114,55,1,200,3,'','1',1,'2017-01-29 06:10:26',200),(5,115,1,1,150,3,'','1',1,'2017-01-29 06:27:10',150);
/*!40000 ALTER TABLE `order_menu_map` ENABLE KEYS */;
UNLOCK TABLES;

--
-- Table structure for table `role_master`
--

DROP TABLE IF EXISTS `role_master`;
/*!40101 SET @saved_cs_client     = @@character_set_client */;
/*!40101 SET character_set_client = utf8 */;
CREATE TABLE `role_master` (
  `role_id` int(11) NOT NULL,
  `role_description` varchar(45) DEFAULT NULL,
  `created_by` varchar(20) DEFAULT NULL,
  `created_date` datetime DEFAULT CURRENT_TIMESTAMP,
  `is_active` char(1) DEFAULT '1',
  PRIMARY KEY (`role_id`)
) ENGINE=MyISAM DEFAULT CHARSET=utf8;
/*!40101 SET character_set_client = @saved_cs_client */;

--
-- Dumping data for table `role_master`
--

LOCK TABLES `role_master` WRITE;
/*!40000 ALTER TABLE `role_master` DISABLE KEYS */;
INSERT INTO `role_master` VALUES (1,'Admin','1','2016-10-29 20:36:11','1'),(2,'Reception','1','2016-10-29 20:36:11','1');
/*!40000 ALTER TABLE `role_master` ENABLE KEYS */;
UNLOCK TABLES;

--
-- Table structure for table `role_menu_map`
--

DROP TABLE IF EXISTS `role_menu_map`;
/*!40101 SET @saved_cs_client     = @@character_set_client */;
/*!40101 SET character_set_client = utf8 */;
CREATE TABLE `role_menu_map` (
  `role_menu_id` int(11) NOT NULL AUTO_INCREMENT,
  `role_id` int(11) DEFAULT NULL,
  `menu_id` int(11) DEFAULT NULL,
  `created_by` varchar(20) DEFAULT NULL,
  `created_date` datetime DEFAULT NULL,
  `is_active` char(1) DEFAULT NULL,
  PRIMARY KEY (`role_menu_id`),
  KEY `RoleId_idx` (`role_id`),
  KEY `MenuId_idx` (`menu_id`),
  CONSTRAINT `Role_Menu_Menu_FK` FOREIGN KEY (`menu_id`) REFERENCES `user_menu_master` (`menu_id`) ON DELETE NO ACTION ON UPDATE NO ACTION
) ENGINE=InnoDB AUTO_INCREMENT=11 DEFAULT CHARSET=utf8;
/*!40101 SET character_set_client = @saved_cs_client */;

--
-- Dumping data for table `role_menu_map`
--

LOCK TABLES `role_menu_map` WRITE;
/*!40000 ALTER TABLE `role_menu_map` DISABLE KEYS */;
INSERT INTO `role_menu_map` VALUES (1,1,1,'1','2016-10-29 20:36:11','1'),(2,1,2,'1','2016-10-29 20:36:11','1'),(3,1,3,'1','2016-10-29 20:36:11','1'),(4,1,4,'1','2016-10-29 20:36:11','1'),(5,1,5,'1','2016-10-29 20:36:11','1'),(6,1,6,'1','2016-10-29 20:36:11','1'),(7,2,1,'1','2016-10-29 20:36:11','1'),(8,2,2,'1','2016-10-29 20:36:11','1'),(9,2,4,'1','2016-10-29 20:36:11','1'),(10,2,5,'1','2016-10-29 20:36:11','1');
/*!40000 ALTER TABLE `role_menu_map` ENABLE KEYS */;
UNLOCK TABLES;

--
-- Table structure for table `status_master`
--

DROP TABLE IF EXISTS `status_master`;
/*!40101 SET @saved_cs_client     = @@character_set_client */;
/*!40101 SET character_set_client = utf8 */;
CREATE TABLE `status_master` (
  `status_id` int(11) NOT NULL AUTO_INCREMENT,
  `status_code` varchar(25) NOT NULL,
  `status_name` varchar(100) NOT NULL,
  `is_active` char(1) NOT NULL DEFAULT '1',
  `created_by` int(11) NOT NULL,
  `created_on` timestamp NOT NULL DEFAULT CURRENT_TIMESTAMP,
  PRIMARY KEY (`status_id`)
) ENGINE=InnoDB AUTO_INCREMENT=5 DEFAULT CHARSET=utf8;
/*!40101 SET character_set_client = @saved_cs_client */;

--
-- Dumping data for table `status_master`
--

LOCK TABLES `status_master` WRITE;
/*!40000 ALTER TABLE `status_master` DISABLE KEYS */;
INSERT INTO `status_master` VALUES (1,'INQUEUE','In Queue','1',1,'2016-09-24 12:28:14'),(2,'COOKING','Cooking','1',1,'2016-09-24 12:28:14'),(3,'COMPLETED','Completed','1',1,'2016-09-24 12:28:14'),(4,'CANCELLED','Cancelled','1',1,'2016-09-24 12:28:14');
/*!40000 ALTER TABLE `status_master` ENABLE KEYS */;
UNLOCK TABLES;

--
-- Table structure for table `stock_master`
--

DROP TABLE IF EXISTS `stock_master`;
/*!40101 SET @saved_cs_client     = @@character_set_client */;
/*!40101 SET character_set_client = utf8 */;
CREATE TABLE `stock_master` (
  `stock_id` int(11) NOT NULL AUTO_INCREMENT,
  `stock_real_qty` int(11) DEFAULT '0',
  `stock_theoretical_qty` int(11) DEFAULT NULL,
  `stock_description` varchar(45) DEFAULT NULL,
  `sub_menu_id` int(11) DEFAULT NULL,
  PRIMARY KEY (`stock_id`),
  KEY `sub_menu_id_fk_idx` (`sub_menu_id`)
) ENGINE=InnoDB DEFAULT CHARSET=utf8;
/*!40101 SET character_set_client = @saved_cs_client */;

--
-- Dumping data for table `stock_master`
--

LOCK TABLES `stock_master` WRITE;
/*!40000 ALTER TABLE `stock_master` DISABLE KEYS */;
/*!40000 ALTER TABLE `stock_master` ENABLE KEYS */;
UNLOCK TABLES;

--
-- Table structure for table `sub_menu_master`
--

DROP TABLE IF EXISTS `sub_menu_master`;
/*!40101 SET @saved_cs_client     = @@character_set_client */;
/*!40101 SET character_set_client = utf8 */;
CREATE TABLE `sub_menu_master` (
  `sub_menu_id` int(11) NOT NULL AUTO_INCREMENT,
  `menu_name` varchar(250) NOT NULL,
  `menu_description` varchar(2000) DEFAULT NULL,
  `is_veg` char(1) NOT NULL COMMENT '1 = veg, 0 = non Veg',
  `non_ac_unit_price` float NOT NULL DEFAULT '0',
  `ac_unit_price` float NOT NULL DEFAULT '0',
  `is_active` char(1) NOT NULL DEFAULT '1',
  `created_by` int(11) NOT NULL,
  `created_on` timestamp NOT NULL DEFAULT CURRENT_TIMESTAMP,
  PRIMARY KEY (`sub_menu_id`),
  KEY `fmenu_user_id_idx` (`created_by`),
  CONSTRAINT `fmenu_user_id` FOREIGN KEY (`created_by`) REFERENCES `user_master` (`user_id`) ON DELETE NO ACTION ON UPDATE NO ACTION
) ENGINE=InnoDB AUTO_INCREMENT=732 DEFAULT CHARSET=utf8;
/*!40101 SET character_set_client = @saved_cs_client */;

--
-- Dumping data for table `sub_menu_master`
--

LOCK TABLES `sub_menu_master` WRITE;
/*!40000 ALTER TABLE `sub_menu_master` DISABLE KEYS */;
INSERT INTO `sub_menu_master` VALUES (1,'Clear Soup',NULL,'1',90,90,'1',1,'2017-01-24 17:08:07'),(2,'Noodle Soup',NULL,'1',90,90,'1',1,'2017-01-24 17:08:43'),(3,'Wonton Soup',NULL,'1',90,90,'1',1,'2017-01-24 17:08:43'),(4,'Tonnyum Soup',NULL,'1',100,100,'1',1,'2017-01-24 17:08:44'),(5,'Sweet Corn Soup',NULL,'1',100,100,'1',1,'2017-01-24 17:08:44'),(7,'Lung Fung Soup',NULL,'1',100,100,'1',1,'2017-01-24 17:08:44'),(8,'Manchow Soup',NULL,'1',100,100,'1',1,'2017-01-24 17:08:44'),(9,'Hot N Sour Soup',NULL,'1',100,100,'1',1,'2017-01-24 17:08:44'),(10,'Lemon Coriander Soup',NULL,'1',100,100,'1',1,'2017-01-24 17:08:44'),(11,'Thai Coconurt Soup',NULL,'1',100,100,'1',1,'2017-01-24 17:08:44'),(13,'Spice Soup',NULL,'1',100,100,'1',1,'2017-01-24 17:08:44'),(14,'Spinach Soup',NULL,'1',100,100,'1',1,'2017-01-24 17:08:44'),(15,'Mai Thai Soup',NULL,'1',90,90,'1',1,'2017-01-24 17:08:44'),(16,'Tornkha Soup   NCI',NULL,'1',90,90,'1',1,'2017-01-24 17:08:44'),(17,'Lemon Coriander Chilly Paper',NULL,'1',90,90,'1',1,'2017-01-24 17:08:45'),(18,'Garlic Cori.ancler Soup ay',NULL,'1',90,90,'1',1,'2017-01-24 17:08:45'),(19,'Clear Soup',NULL,'0',100,100,'1',1,'2017-01-24 17:08:45'),(20,'Noodle Soup',NULL,'0',100,100,'1',1,'2017-01-24 17:08:45'),(21,'Wonton Soup',NULL,'0',100,100,'1',1,'2017-01-24 17:08:45'),(22,'Tonnyum Soup',NULL,'0',110,110,'1',1,'2017-01-24 17:08:45'),(23,'Sweet Corn Soup',NULL,'0',110,110,'1',1,'2017-01-24 17:08:45'),(24,'Sweet Com Egg Soup',NULL,'0',110,110,'1',1,'2017-01-24 17:08:45'),(25,'Lung Fung Soup',NULL,'0',110,110,'1',1,'2017-01-24 17:08:45'),(26,'Manchow Soup',NULL,'0',110,110,'1',1,'2017-01-24 17:08:45'),(27,'Hot N Sour Soup',NULL,'0',110,110,'1',1,'2017-01-24 17:08:46'),(28,'Lemon Coriander Soup',NULL,'0',110,110,'1',1,'2017-01-24 17:08:46'),(29,'Thai Coconurt Soup',NULL,'0',110,110,'1',1,'2017-01-24 17:08:46'),(30,'Meat Ball Noodle Soup',NULL,'0',110,110,'1',1,'2017-01-24 17:08:46'),(31,'Spice Soup',NULL,'0',120,120,'1',1,'2017-01-24 17:08:46'),(32,'Spinach Soup',NULL,'0',120,120,'1',1,'2017-01-24 17:08:46'),(33,'Mai Thai Soup',NULL,'0',120,120,'1',1,'2017-01-24 17:08:46'),(34,'Tornkha Soup   NCI',NULL,'0',130,130,'1',1,'2017-01-24 17:08:46'),(35,'Lemon Coriander Chilly Paper',NULL,'0',130,130,'1',1,'2017-01-24 17:08:46'),(36,'Garlic Cori.ancler Soup ay',NULL,'0',130,130,'1',1,'2017-01-24 17:08:46'),(37,'Swell Corn Crab Meat Soup',NULL,'0',130,130,'1',1,'2017-01-24 17:08:46'),(38,'Mix Seafood Ma nohow Soup',NULL,'0',110,110,'1',1,'2017-01-24 17:08:46'),(39,'Spicy Crab Meat Soup',NULL,'0',110,110,'1',1,'2017-01-24 17:08:46'),(40,'Exolio Crab Meat Soup',NULL,'0',110,110,'1',1,'2017-01-24 17:08:46'),(41,'Exotic Seafood Soup',NULL,'0',110,110,'1',1,'2017-01-24 17:08:46'),(42,'Veg. Spring Rolls',NULL,'1',150,150,'1',1,'2017-01-24 17:08:46'),(43,'Veg. Crispy Wontons',NULL,'1',150,150,'1',1,'2017-01-24 17:08:46'),(44,'Veg. Steamed wontons with burnt garlic',NULL,'1',150,150,'1',1,'2017-01-24 17:08:46'),(45,'Veg. Dragon Roll',NULL,'1',150,150,'1',1,'2017-01-24 17:08:46'),(46,'Veg Baby Corn Mushrorn Salt N Pepper',NULL,'1',100,100,'1',1,'2017-01-24 17:08:47'),(47,'Veg Kung Pao Potato',NULL,'1',100,100,'1',1,'2017-01-24 17:08:47'),(48,'Veg. Crispy Pol e Chilly Spring Onion',NULL,'1',100,100,'1',1,'2017-01-24 17:08:47'),(49,'Baby Corn mushroom Broccol In Pepper Chilly',NULL,'1',170,170,'1',1,'2017-01-24 17:08:47'),(50,'Chilly Basil Mushroom sir.',NULL,'1',160,160,'1',1,'2017-01-24 17:08:47'),(51,'Chilly Straw Potatoes',NULL,'1',170,170,'1',1,'2017-01-24 17:08:47'),(52,'Kung Pao Mushroom',NULL,'1',170,170,'1',1,'2017-01-24 17:08:47'),(53,'Stir Fried Patkhoi Chinese Greens',NULL,'1',160,160,'1',1,'2017-01-24 17:08:47'),(54,'Hungry Monks  ein',NULL,'1',160,160,'1',1,'2017-01-24 17:08:47'),(55,'Paneer in Mustard Sauce',NULL,'1',200,200,'1',1,'2017-01-24 17:08:47'),(56,'Hung Pao Pa neer With Cashewnuis',NULL,'1',200,200,'1',1,'2017-01-24 17:08:47'),(57,'Paneer Chilly',NULL,'1',200,200,'1',1,'2017-01-24 17:08:47'),(58,'Pepper Paneer',NULL,'1',200,200,'1',1,'2017-01-24 17:08:47'),(59,'Paneer Green Pepper Thai Style',NULL,'1',200,200,'1',1,'2017-01-24 17:08:47'),(60,'Paneer Burnt Dad Chilly Oil',NULL,'1',200,200,'1',1,'2017-01-24 17:08:47'),(61,'Paneer Crush Red Pepper',NULL,'1',200,200,'1',1,'2017-01-24 17:08:47'),(62,'Paneer Chilly Pepper',NULL,'1',200,200,'1',1,'2017-01-24 17:08:47'),(63,'Paneer In Chilly Flakes',NULL,'1',200,200,'1',1,'2017-01-24 17:08:47'),(64,'Paneer In Conking Saute',NULL,'1',200,200,'1',1,'2017-01-24 17:08:47'),(65,'Crispy Thread Paneer',NULL,'1',230,230,'1',1,'2017-01-24 17:08:47'),(66,'Crispy Veg.',NULL,'1',160,160,'1',1,'2017-01-24 17:08:47'),(67,'K p Paneer',NULL,'1',230,230,'1',1,'2017-01-24 17:08:48'),(68,'Chicken Crispy Thread',NULL,'0',160,160,'1',1,'2017-01-24 17:08:48'),(69,'Chkn Spring Rolls',NULL,'0',180,180,'1',1,'2017-01-24 17:08:48'),(70,'Chkn Crispy Wanton',NULL,'0',160,160,'1',1,'2017-01-24 17:08:48'),(71,'Chkii Steamed Wanton With Burnt Garlic',NULL,'0',160,160,'1',1,'2017-01-24 17:08:48'),(72,'Chkn Dragon Roll',NULL,'0',160,160,'1',1,'2017-01-24 17:08:48'),(73,'Chilli Lolly Pop',NULL,'0',200,200,'1',1,'2017-01-24 17:08:48'),(74,'Chkn Salt N Pepper',NULL,'0',210,210,'1',1,'2017-01-24 17:08:48'),(75,'Wok Fried Chicken Wings.',NULL,'0',230,230,'1',1,'2017-01-24 17:08:48'),(76,'Apple Lollypop',NULL,'0',230,230,'1',1,'2017-01-24 17:08:48'),(77,'Cantonese Pepper Chicken',NULL,'0',230,230,'1',1,'2017-01-24 17:08:48'),(78,'Thai Crispy Chicken',NULL,'0',230,230,'1',1,'2017-01-24 17:08:48'),(79,'Haklia Chicken',NULL,'0',230,230,'1',1,'2017-01-24 17:08:48'),(80,'Shredded Chicken Spicy 2 Sauce  wee',NULL,'0',230,230,'1',1,'2017-01-24 17:08:48'),(81,'Siazled Chicken',NULL,'0',250,250,'1',1,'2017-01-24 17:08:48'),(82,'Grilled Chicken',NULL,'0',250,250,'1',1,'2017-01-24 17:08:48'),(83,'Pan Fried Supreme Chicken Paw.',NULL,'0',250,250,'1',1,'2017-01-24 17:08:48'),(84,'Hung Pao Chkn',NULL,'0',210,210,'1',1,'2017-01-24 17:08:48'),(85,'Green Pepper Thai Style',NULL,'0',210,210,'1',1,'2017-01-24 17:08:48'),(86,'Chicken Crispy Sauce',NULL,'0',210,210,'1',1,'2017-01-24 17:08:49'),(87,'Sliced Chkn Black Pepper Sauce',NULL,'0',220,220,'1',1,'2017-01-24 17:08:49'),(88,'Sliced Chkn Burnt Ginger Sauce',NULL,'0',220,220,'1',1,'2017-01-24 17:08:49'),(89,'Sliced Chkn Chilly Oyster Sauce',NULL,'0',220,220,'1',1,'2017-01-24 17:08:49'),(90,'Died Chkn Burnt Red Pepper',NULL,'0',220,220,'1',1,'2017-01-24 17:08:49'),(91,'Wooly Chicken',NULL,'0',220,220,'1',1,'2017-01-24 17:08:49'),(92,'Chicken Crispy Soi Woo',NULL,'0',230,230,'1',1,'2017-01-24 17:08:49'),(93,'Roast Chicken',NULL,'0',230,230,'1',1,'2017-01-24 17:08:49'),(94,'Roes! Chkn Bbq Sauce',NULL,'0',230,230,'1',1,'2017-01-24 17:08:49'),(95,'Roast Chkn Shanghai Sauce',NULL,'0',230,230,'1',1,'2017-01-24 17:08:49'),(96,'Roast Chkn Chilly',NULL,'0',230,230,'1',1,'2017-01-24 17:08:49'),(97,'Roast Chkn Chilly Spring Onion',NULL,'0',230,230,'1',1,'2017-01-24 17:08:49'),(98,'Roast Chkn Honey Bell Pepper Sauce',NULL,'0',230,230,'1',1,'2017-01-24 17:08:49'),(99,'Chicken In Chilly Flakes',NULL,'0',230,230,'1',1,'2017-01-24 17:08:49'),(100,'Chicken In 3 Bell Pepper Sauce',NULL,'0',230,230,'1',1,'2017-01-24 17:08:49'),(101,'Chicken With Crispy Spinach',NULL,'0',230,230,'1',1,'2017-01-24 17:08:49'),(102,'Chicken In Pepnita Sauce',NULL,'0',250,250,'1',1,'2017-01-24 17:08:49'),(103,'Chicken Wrapped Prawns',NULL,'0',375,375,'1',1,'2017-01-24 17:08:50'),(104,'Chicken in Mustard Sauce',NULL,'0',230,230,'1',1,'2017-01-24 17:08:50'),(105,'Satay Chicken',NULL,'0',250,250,'1',1,'2017-01-24 17:08:50'),(106,'K. P Chicken',NULL,'0',250,250,'1',1,'2017-01-24 17:08:50'),(107,'Fish Week Pepper Sauce',NULL,'0',250,250,'1',1,'2017-01-24 17:08:50'),(108,'Fish Chilly Oyster Sauce',NULL,'0',250,250,'1',1,'2017-01-24 17:08:50'),(109,'Fish Chilly Spring Onion',NULL,'0',250,250,'1',1,'2017-01-24 17:08:50'),(110,'Pepper Fish',NULL,'0',250,250,'1',1,'2017-01-24 17:08:50'),(111,'Fish Burnt Red Pepper',NULL,'0',250,250,'1',1,'2017-01-24 17:08:50'),(112,'Ha kka Fish',NULL,'0',250,250,'1',1,'2017-01-24 17:08:50'),(113,'Fish In Burnt Chilly Oil',NULL,'0',250,250,'1',1,'2017-01-24 17:08:50'),(114,'Fish In Green Pepper',NULL,'0',250,250,'1',1,'2017-01-24 17:08:50'),(115,'Fish In Hung Pao',NULL,'0',250,250,'1',1,'2017-01-24 17:08:50'),(116,'Fish With Conking Sauce',NULL,'0',250,250,'1',1,'2017-01-24 17:08:50'),(117,'Fish With Hp Sauce',NULL,'0',250,250,'1',1,'2017-01-24 17:08:50'),(118,'Fish Burnt Ginger',NULL,'0',250,250,'1',1,'2017-01-24 17:08:50'),(119,'Fish With Spicy Sauce',NULL,'0',250,250,'1',1,'2017-01-24 17:08:50'),(120,'Fish With Tangi Sauce',NULL,'0',250,250,'1',1,'2017-01-24 17:08:50'),(121,'Fish Brown Spring Onion',NULL,'0',285,285,'1',1,'2017-01-24 17:08:50'),(122,'Fish In Chilly Flakes',NULL,'0',285,285,'1',1,'2017-01-24 17:08:51'),(123,'Fish Butter Garlic Sauce',NULL,'0',280,280,'1',1,'2017-01-24 17:08:51'),(124,'Prawns Spring Rolls',NULL,'0',375,375,'1',1,'2017-01-24 17:08:51'),(125,'Prawns Green Garlic Sauce',NULL,'0',375,375,'1',1,'2017-01-24 17:08:51'),(126,'Prawns Schezwan Sauce',NULL,'0',375,375,'1',1,'2017-01-24 17:08:51'),(127,'Prawns Burnt Chilly Oil',NULL,'0',375,375,'1',1,'2017-01-24 17:08:51'),(128,'Prawns Chilly Oyster Sauce',NULL,'0',375,375,'1',1,'2017-01-24 17:08:51'),(129,'Prawns In 3 Bell Pepper Sauce',NULL,'0',375,375,'1',1,'2017-01-24 17:08:51'),(130,'Prawns In Black Sauce With Bell Pepper',NULL,'0',375,375,'1',1,'2017-01-24 17:08:51'),(131,'Prawns Chilly Spring Onion',NULL,'0',375,375,'1',1,'2017-01-24 17:08:51'),(132,'Prawns Black Pepper',NULL,'0',375,375,'1',1,'2017-01-24 17:08:51'),(133,'Prawns Butter Garlic',NULL,'0',375,375,'1',1,'2017-01-24 17:08:51'),(134,'Prawns Burnt Ginger',NULL,'0',375,375,'1',1,'2017-01-24 17:08:51'),(135,'Pepper Prawns',NULL,'0',375,375,'1',1,'2017-01-24 17:08:51'),(136,'Prawns Rod Chilly Popper',NULL,'0',375,375,'1',1,'2017-01-24 17:08:51'),(137,'Prawns With Conking Sauce',NULL,'0',375,375,'1',1,'2017-01-24 17:08:51'),(138,'Prawns With Crispy Spinach',NULL,'0',375,375,'1',1,'2017-01-24 17:08:51'),(139,'Prawns Burnt Red Pepper',NULL,'0',375,375,'1',1,'2017-01-24 17:08:51'),(140,'Golden Fried Prawns',NULL,'0',375,375,'1',1,'2017-01-24 17:08:51'),(141,'Roast Lamb Chilly Oyster Sauce',NULL,'0',290,290,'1',1,'2017-01-24 17:08:51'),(142,'Roast Lamb Bbq Sauce',NULL,'0',290,290,'1',1,'2017-01-24 17:08:51'),(143,'Roast Lamb Paprika Sauce',NULL,'0',290,290,'1',1,'2017-01-24 17:08:51'),(144,'Roast Lamb With Honey Smoke',NULL,'0',290,290,'1',1,'2017-01-24 17:08:51'),(145,'Roast Lamb Chilly Spring Onion',NULL,'0',290,290,'1',1,'2017-01-24 17:08:52'),(146,'Roast Lamb Chilly Garlic',NULL,'0',290,290,'1',1,'2017-01-24 17:08:52'),(147,'Roast Lamb Schez wan Pepper',NULL,'0',290,290,'1',1,'2017-01-24 17:08:52'),(148,'Crispy Lamb Honey Chilly',NULL,'0',290,290,'1',1,'2017-01-24 17:08:52'),(149,'Diced Chkn Manchurian',NULL,'0',200,200,'1',1,'2017-01-24 17:08:52'),(150,'Diced Chkn Chilly',NULL,'0',200,200,'1',1,'2017-01-24 17:08:52'),(151,'Diced Chkn Schezwan Sauce',NULL,'0',200,200,'1',1,'2017-01-24 17:08:52'),(152,'Diced Chkn Hot Garlic',NULL,'0',210,210,'1',1,'2017-01-24 17:08:52'),(153,'Diced Chkn Honey Chilly Sauce',NULL,'0',210,210,'1',1,'2017-01-24 17:08:52'),(154,'Sliced Chkn Oyster Sauce',NULL,'0',210,210,'1',1,'2017-01-24 17:08:52'),(155,'Sliced Chkn Black Bean Sauce',NULL,'0',210,210,'1',1,'2017-01-24 17:08:52'),(156,'Sliced Chkn Hat Bean Sauce',NULL,'0',210,210,'1',1,'2017-01-24 17:08:52'),(157,'Sliced Chkn Black Popper Sauce',NULL,'0',210,210,'1',1,'2017-01-24 17:08:52'),(159,'Shreded Chkn Hunan Sauce',NULL,'0',210,210,'1',1,'2017-01-24 17:08:52'),(160,'Shredod Chkn Red Pepper Basil Chilly Sauce',NULL,'0',210,210,'1',1,'2017-01-24 17:08:52'),(161,'Diced Chkn Thai Curry Red',NULL,'0',220,220,'1',1,'2017-01-24 17:08:52'),(162,'Diced Chicken In Garlic Sauce',NULL,'0',220,220,'1',1,'2017-01-24 17:08:52'),(163,'Prawns Manchurian',NULL,'0',375,375,'1',1,'2017-01-26 01:30:23'),(164,'Prawns Sweet N  Sour',NULL,'0',375,375,'1',1,'2017-01-26 01:30:23'),(165,'Prawns Hot Garlic',NULL,'0',375,375,'1',1,'2017-01-26 01:30:23'),(166,'Prawns Black Pepper Sauce',NULL,'0',375,375,'1',1,'2017-01-26 01:30:23'),(167,'Prawns Honey Chilly Sauce',NULL,'0',375,375,'1',1,'2017-01-26 01:30:23'),(168,'Prawns Oyster Sauce',NULL,'0',375,375,'1',1,'2017-01-26 01:30:23'),(169,'Prawns Black  Bean Sauce',NULL,'0',375,375,'1',1,'2017-01-26 01:30:23'),(170,'Prawns Hot Bean Sauce',NULL,'0',375,375,'1',1,'2017-01-26 01:30:23'),(172,'Prawns Red Pepper Basil Chilly Sauce',NULL,'0',375,375,'1',1,'2017-01-26 01:30:23'),(173,'Prawns Thal Curry Red',NULL,'0',375,375,'1',1,'2017-01-26 01:30:23'),(174,'Fish In Black Pepper Sauce',NULL,'0',250,250,'1',1,'2017-01-26 01:30:23'),(175,'Fish Mandarin Sauce',NULL,'0',250,250,'1',1,'2017-01-26 01:30:23'),(176,'Fish In Oyster  Sauce',NULL,'0',250,250,'1',1,'2017-01-26 01:30:23'),(177,'Fish In Chilly Oysler Sauce',NULL,'0',260,260,'1',1,'2017-01-26 01:30:23'),(178,'Fish In Spicy Red Chilly Sauce',NULL,'0',250,250,'1',1,'2017-01-26 01:30:24'),(179,'Fish In Spicy Ginger Sauce',NULL,'0',250,250,'1',1,'2017-01-26 01:30:24'),(180,'Crab. Ciilly',NULL,'0',300,300,'1',1,'2017-01-26 01:30:24'),(181,'Crab Butler Garlic',NULL,'0',200,200,'1',1,'2017-01-26 01:30:24'),(182,'Roast Lamb Black Bean Sauce',NULL,'0',280,280,'1',1,'2017-01-26 01:30:24'),(183,'Roast Lamb Oyster Sauce',NULL,'0',280,280,'1',1,'2017-01-26 01:30:24'),(186,'Roast Lamb Hot Garlic Sauce',NULL,'0',280,280,'1',1,'2017-01-26 01:30:24'),(187,'Egg Fried Rice',NULL,'0',130,130,'1',1,'2017-01-26 01:30:24'),(188,'Egg Burnt Garlic Rice',NULL,'0',140,140,'1',1,'2017-01-26 01:30:24'),(189,'Egg Schezwan Rice',NULL,'0',140,140,'1',1,'2017-01-26 01:30:24'),(190,'Chkn Fried Rice',NULL,'0',150,150,'1',1,'2017-01-26 01:30:24'),(191,'Chkn Fortune Rice',NULL,'0',180,180,'1',1,'2017-01-26 01:30:24'),(192,'Chkn Thai Fried Rice',NULL,'0',180,180,'1',1,'2017-01-26 01:30:24'),(193,'Chkn Burnt Garlic Rice',NULL,'0',180,180,'1',1,'2017-01-26 01:30:24'),(194,'Chkn Schezwan RICe',NULL,'0',160,160,'1',1,'2017-01-26 01:30:24'),(195,'Singapore Rice',NULL,'0',200,200,'1',1,'2017-01-26 01:30:24'),(196,'China Town Sp Fried Rice',NULL,'0',230,230,'1',1,'2017-01-26 01:30:24'),(197,'Prawns Fried Rice',NULL,'0',230,230,'1',1,'2017-01-26 01:30:24'),(198,'Chkn N Prawns Thai Fried Rice',NULL,'0',230,230,'1',1,'2017-01-26 01:30:25'),(199,'Chkn N Prawns Fried Rice',NULL,'0',230,230,'1',1,'2017-01-26 01:30:25'),(200,'Chkn N Prawns Schexwan Fried Rice',NULL,'0',244,244,'1',1,'2017-01-26 01:30:25'),(201,'Chkn Hakka Noodles.',NULL,'0',160,160,'1',1,'2017-01-26 01:30:25'),(202,'Chkn Chilly Garlic N odies',NULL,'0',180,180,'1',1,'2017-01-26 01:30:25'),(203,'Chkn Schezwan Noodles',NULL,'0',180,180,'1',1,'2017-01-26 01:30:25'),(204,'Chkn Shantung Noodle',NULL,'0',180,180,'1',1,'2017-01-26 01:30:25'),(205,'Chkn Singapore Noodles',NULL,'0',180,180,'1',1,'2017-01-26 01:30:25'),(206,'Chkn Mangolian Noodles',NULL,'0',210,210,'1',1,'2017-01-26 01:30:25'),(207,'Chkn China Town Sp. Noodles',NULL,'0',220,220,'1',1,'2017-01-26 01:30:25'),(208,'Chin Pot Rico',NULL,'0',220,220,'1',1,'2017-01-26 01:30:25'),(209,'Chkn N Prawns Stewed Rice',NULL,'0',250,250,'1',1,'2017-01-26 01:30:25'),(210,'Chkn N Prawns Pot Rice',NULL,'0',260,260,'1',1,'2017-01-26 01:30:25'),(211,'Prawns Pot Rice',NULL,'0',270,270,'1',1,'2017-01-26 01:30:25'),(212,'Chkn Peking Rice (Gravy)',NULL,'0',150,150,'1',1,'2017-01-26 01:30:25'),(213,'Chkn Fortune Pot Rice',NULL,'0',260,260,'1',1,'2017-01-26 01:30:25'),(214,'Chkn Black Pepper Pot Rice',NULL,'0',260,260,'1',1,'2017-01-26 01:30:25'),(215,'Fish Pot Rice',NULL,'0',300,300,'1',1,'2017-01-26 01:30:25'),(216,'Chkn Korean Pot Rice',NULL,'0',300,300,'1',1,'2017-01-26 01:30:25'),(217,'Chkn Thal Pot Rice',NULL,'0',300,300,'1',1,'2017-01-26 01:30:25'),(218,'Chkn Yellow Pot Rice',NULL,'0',320,320,'1',1,'2017-01-26 01:30:25'),(219,'Lamb Pot Rice',NULL,'0',200,200,'1',1,'2017-01-26 01:30:25'),(220,'Chkn Steamed Noodles Mandarian Style',NULL,'0',220,220,'1',1,'2017-01-26 01:30:25'),(221,'Chkn Pan Fried Noodles',NULL,'0',220,220,'1',1,'2017-01-26 01:30:25'),(222,'Chkn Pan Fried Noodles Cantonese Style',NULL,'0',220,220,'1',1,'2017-01-26 01:30:25'),(223,'Chkn American Chopsuey',NULL,'0',220,220,'1',1,'2017-01-26 01:30:25'),(224,'Chkn N Prawns Pan Fried Noodles',NULL,'0',210,210,'1',1,'2017-01-26 01:30:26'),(225,'Chkn Pan Fried Noodles Hunan Sauce',NULL,'0',260,260,'1',1,'2017-01-26 01:30:26'),(226,'Chkn Malaysian Rice',NULL,'0',200,200,'1',1,'2017-01-26 01:30:26'),(227,'Chkn Korean Fried Rice',NULL,'0',200,200,'1',1,'2017-01-26 01:30:26'),(228,'Chkn Bam Goreng Noodles',NULL,'0',220,220,'1',1,'2017-01-26 01:30:26'),(229,'Chkn Teppanyaki Noddles',NULL,'0',220,220,'1',1,'2017-01-26 01:30:26'),(230,'Chkn EFu Noddles',NULL,'0',220,220,'1',1,'2017-01-26 01:30:26'),(231,'Chkn Coriander Pot Noodles',NULL,'0',240,240,'1',1,'2017-01-26 01:30:26'),(232,'Chkn Dragon Rice',NULL,'0',260,260,'1',1,'2017-01-26 01:30:26'),(233,'Chkn Oriental Rice',NULL,'0',250,250,'1',1,'2017-01-26 01:30:26'),(234,'Veg Fried Rice',NULL,'1',130,130,'1',1,'2017-01-26 01:30:26'),(235,'Veg Schezwan Rice',NULL,'1',140,140,'1',1,'2017-01-26 01:30:26'),(236,'Veg Burnt Garlic Rice',NULL,'1',160,160,'1',1,'2017-01-26 01:30:26'),(237,'Veg Fortune Rice',NULL,'1',160,160,'1',1,'2017-01-26 01:30:26'),(238,'Veg Thai Rice',NULL,'1',160,160,'1',1,'2017-01-26 01:30:26'),(239,'Veg Singapore Rice',NULL,'1',160,160,'1',1,'2017-01-26 01:30:26'),(240,'Veg Pot Rice',NULL,'1',200,200,'1',1,'2017-01-26 01:30:27'),(241,'Veg China Town Spl  Fried Rice',NULL,'1',200,200,'1',1,'2017-01-26 01:30:27'),(242,'Veg Fortune Pot Rice',NULL,'1',200,200,'1',1,'2017-01-26 01:30:27'),(243,'Veg Black Pepper Pot Rice',NULL,'1',220,220,'1',1,'2017-01-26 01:30:27'),(244,'Veg Thai Pot Rice',NULL,'1',210,210,'1',1,'2017-01-26 01:30:27'),(245,'Veg Hakka Noodles',NULL,'1',140,140,'1',1,'2017-01-26 01:30:27'),(246,'Veg Chilly Garlic Noodles',NULL,'1',140,140,'1',1,'2017-01-26 01:30:27'),(247,'Veg Schinwan Noodles',NULL,'1',140,140,'1',1,'2017-01-26 01:30:27'),(248,'Veg Mangolian Noodles',NULL,'1',170,170,'1',1,'2017-01-26 01:30:27'),(249,'Veg Singapore Noodles',NULL,'1',170,170,'1',1,'2017-01-26 01:30:27'),(250,'Veg Steamed Noodles Mandarian Style',NULL,'1',170,170,'1',1,'2017-01-26 01:30:27'),(251,'Veg American Chopsuey',NULL,'1',170,170,'1',1,'2017-01-26 01:30:27'),(252,'Vag Pan Fried Noodles',NULL,'1',100,100,'1',1,'2017-01-26 01:30:27'),(253,'Vey China Town Sp. Noodle',NULL,'1',190,190,'1',1,'2017-01-26 01:30:27'),(254,'Veg Pan Fried  Noodles Hunan Sauce',NULL,'1',190,190,'1',1,'2017-01-26 01:30:27'),(255,'Veg Bami Goreng Noodles',NULL,'1',170,170,'1',1,'2017-01-26 01:30:27'),(256,'Veg Teppanyeki Noodles',NULL,'1',170,170,'1',1,'2017-01-26 01:30:27'),(257,'Veg Coriandar Pot Noodles',NULL,'1',220,220,'1',1,'2017-01-26 01:30:27'),(258,'Veg Malaysian Rice',NULL,'1',170,170,'1',1,'2017-01-26 01:30:27'),(259,'Vag Korean Fried Rice',NULL,'1',170,170,'1',1,'2017-01-26 01:30:27'),(260,'Veg Efu Noodles',NULL,'1',170,170,'1',1,'2017-01-26 01:30:27'),(261,'Veg Dragon Rice',NULL,'1',200,200,'1',1,'2017-01-26 01:30:27'),(262,'Finger Chips',NULL,'1',60,60,'1',1,'2017-01-26 02:42:37'),(263,'Cheese Pakoda',NULL,'1',80,80,'1',1,'2017-01-26 02:42:38'),(264,'Veg Pakoda',NULL,'1',65,65,'1',1,'2017-01-26 02:42:38'),(265,'Paneer Pakoda',NULL,'1',100,100,'1',1,'2017-01-26 02:42:38'),(266,'Paneer Koliwada',NULL,'1',120,120,'1',1,'2017-01-26 02:42:38'),(267,'Chana Garlic Oil Fry',NULL,'1',60,60,'1',1,'2017-01-26 02:42:38'),(268,'Veg Hara Bhara Kabab',NULL,'1',110,110,'1',1,'2017-01-26 02:42:38'),(269,'Dilruba Kabab',NULL,'1',150,150,'1',1,'2017-01-26 02:42:38'),(270,'Corn Tikki',NULL,'1',130,130,'1',1,'2017-01-26 02:42:38'),(271,'Aloo Tikki',NULL,'1',90,90,'1',1,'2017-01-26 02:42:38'),(272,'Veg Kheema Pattice',NULL,'1',110,110,'1',1,'2017-01-26 02:42:38'),(273,'Green Peas Butter Fry',NULL,'1',80,80,'1',1,'2017-01-26 02:42:38'),(274,'Boil Veg',NULL,'1',70,70,'1',1,'2017-01-26 02:42:38'),(275,'Mushroom Koliwada',NULL,'1',120,120,'1',1,'2017-01-26 02:42:38'),(276,'Pa Pad Roll',NULL,'1',100,100,'1',1,'2017-01-26 02:42:38'),(277,'Kathi Roll',NULL,'1',180,180,'1',1,'2017-01-26 02:42:38'),(278,'Cheese Corn Tikki',NULL,'1',130,130,'1',1,'2017-01-26 02:42:38'),(279,'Cheese Kurkura',NULL,'1',140,140,'1',1,'2017-01-26 02:42:38'),(280,'Cheese Ball',NULL,'1',120,120,'1',1,'2017-01-26 02:42:38'),(281,'Aloo Chat',NULL,'1',60,60,'1',1,'2017-01-26 02:42:38'),(282,'Veg Manchow',NULL,'1',70,70,'1',1,'2017-01-26 02:42:38'),(283,'Veg Hot And Sour',NULL,'1',70,70,'1',1,'2017-01-26 02:42:38'),(284,'Veg Clear',NULL,'1',60,60,'1',1,'2017-01-26 02:42:38'),(285,'Veg Royal',NULL,'1',80,80,'1',1,'2017-01-26 02:42:39'),(286,'Veg Sweet Corn',NULL,'1',70,70,'1',1,'2017-01-26 02:42:39'),(287,'Palak Soup',NULL,'1',50,50,'1',1,'2017-01-26 02:42:39'),(288,'Tomato Soup',NULL,'1',60,60,'1',1,'2017-01-26 02:42:39'),(289,'Cream Of Vegetable',NULL,'1',70,70,'1',1,'2017-01-26 02:42:39'),(290,'Veg Ap Special Soup',NULL,'1',100,100,'1',1,'2017-01-26 02:42:39'),(291,'Chicken Manchow',NULL,'0',80,80,'1',1,'2017-01-26 02:42:39'),(292,'Chicken Hot And Sour',NULL,'0',80,80,'1',1,'2017-01-26 02:42:39'),(293,'Chicken Clear',NULL,'0',70,70,'1',1,'2017-01-26 02:42:39'),(294,'Chicken Sweet Corn',NULL,'0',80,80,'1',1,'2017-01-26 02:42:39'),(295,'Chicken Royal',NULL,'0',90,90,'1',1,'2017-01-26 02:42:39'),(296,'Chicken Lung Fung',NULL,'0',100,100,'1',1,'2017-01-26 02:42:39'),(297,'Chicken Zed Soup',NULL,'0',100,100,'1',1,'2017-01-26 02:42:39'),(298,'Chicken Lemon Coriander Soup',NULL,'0',100,100,'1',1,'2017-01-26 02:42:39'),(299,'Chicken Tom Yum Soup',NULL,'0',90,90,'1',1,'2017-01-26 02:42:39'),(300,'Chicken Ap Special Soup',NULL,'0',110,110,'1',1,'2017-01-26 02:42:39'),(302,'Chicken Ap Special',NULL,'0',300,300,'1',1,'2017-01-26 02:42:39'),(303,'Chicken Masala',NULL,'0',100,100,'1',1,'2017-01-26 02:42:39'),(305,'Chicken Kolhapuri',NULL,'0',130,130,'1',1,'2017-01-26 02:42:40'),(306,'Chicken Hyderabadi',NULL,'0',180,180,'1',1,'2017-01-26 02:42:40'),(307,'Chicken Handi',NULL,'0',160,160,'1',1,'2017-01-26 02:42:40'),(308,'Chicken Patiyala',NULL,'0',240,240,'1',1,'2017-01-26 02:42:40'),(309,'Chicken Tikka Masala',NULL,'0',170,170,'1',1,'2017-01-26 02:42:40'),(310,'Chicken Seekh Kabab',NULL,'0',150,150,'1',1,'2017-01-26 02:42:40'),(311,'Chicken Matka Half',NULL,'0',210,210,'1',1,'2017-01-26 02:42:40'),(312,'Chicken Matka Full',NULL,'0',370,370,'1',1,'2017-01-26 02:42:40'),(313,'Chicken Lahori',NULL,'0',180,180,'1',1,'2017-01-26 02:42:40'),(314,'Chicken Bashai',NULL,'0',160,160,'1',1,'2017-01-26 02:42:40'),(315,'Chicken Khymber',NULL,'0',270,270,'1',1,'2017-01-26 02:42:40'),(316,'Chicken Chettinad1',NULL,'0',75,75,'1',1,'2017-01-26 02:42:40'),(317,'Chicken Balti',NULL,'0',200,200,'1',1,'2017-01-26 02:42:40'),(318,'Chicken Lajawab',NULL,'0',200,200,'1',1,'2017-01-26 02:42:40'),(319,'Chicken Kadai',NULL,'0',180,180,'1',1,'2017-01-26 02:42:40'),(320,'Paneer Tikka',NULL,'1',120,120,'1',1,'2017-01-26 02:42:40'),(321,'Paneer Mushroom Tikka',NULL,'1',150,150,'1',1,'2017-01-26 02:42:40'),(322,'Paneer Hariyali Tikka',NULL,'1',160,160,'1',1,'2017-01-26 02:42:40'),(323,'Paneer Cheese Kabab',NULL,'1',160,160,'1',1,'2017-01-26 02:42:40'),(324,'Mushroom Tikka',NULL,'1',120,120,'1',1,'2017-01-26 02:42:40'),(325,'Babycorn Tikka',NULL,'1',100,100,'1',1,'2017-01-26 02:42:40'),(326,'Paneer Mushroom Babycorn Tikka',NULL,'1',130,130,'1',1,'2017-01-26 02:42:40'),(327,'Gobi Tikka',NULL,'1',100,100,'1',1,'2017-01-26 02:42:40'),(328,'Aloo Tikka',NULL,'1',100,100,'1',1,'2017-01-26 02:42:41'),(329,'Veg Platter',NULL,'1',400,400,'1',1,'2017-01-26 02:42:41'),(330,'Malai Gobi',NULL,'1',120,120,'1',1,'2017-01-26 02:42:41'),(331,'Atishi Aloo',NULL,'1',150,150,'1',1,'2017-01-26 02:42:41'),(332,'Paneer Hilltop',NULL,'1',160,160,'1',1,'2017-01-26 02:42:41'),(333,'Paneer Malai Tikki',NULL,'1',150,150,'1',1,'2017-01-26 02:42:41'),(334,'Pneer Pahadi Tikki',NULL,'1',150,150,'1',1,'2017-01-26 02:42:41'),(335,'Paneer Mumtaz',NULL,'1',170,170,'1',1,'2017-01-26 02:42:41'),(336,'Paneer Achari',NULL,'1',150,150,'1',1,'2017-01-26 02:42:41'),(337,'Stuffed Mushroom',NULL,'1',180,180,'1',1,'2017-01-26 02:42:41'),(338,'Chicken Dry Fry',NULL,'0',300,300,'1',1,'2017-01-26 02:42:41'),(339,'Chicken Tawa Fry',NULL,'0',200,200,'1',1,'2017-01-26 02:42:41'),(340,'Chicken Pakoda',NULL,'0',150,150,'1',1,'2017-01-26 02:42:41'),(341,'Chicken Koliwada',NULL,'0',150,150,'1',1,'2017-01-26 02:42:41'),(342,'Chicken Tawa Roast',NULL,'0',160,160,'1',1,'2017-01-26 02:42:41'),(343,'Chicken Banjara Tawa',NULL,'0',170,170,'1',1,'2017-01-26 02:42:41'),(344,'Chicken Liver oil Fry',NULL,'0',120,120,'1',1,'2017-01-26 02:42:41'),(345,'Chicken Pota Oil Fry',NULL,'0',120,120,'1',1,'2017-01-26 02:42:41'),(346,'Chicken Pota Liver Tawa Fry',NULL,'0',120,120,'1',1,'2017-01-26 02:42:41'),(347,'Chicken Poha Bhujing',NULL,'0',150,150,'1',1,'2017-01-26 02:42:41'),(349,'Chicken Masala Fry',NULL,'0',130,130,'1',1,'2017-01-26 02:42:41'),(350,'Chicken Jeera',NULL,'0',150,150,'1',1,'2017-01-26 02:42:41'),(351,'Chicken Green Tawa',NULL,'0',160,160,'1',1,'2017-01-26 02:42:41'),(352,'Chicken Kheema',NULL,'0',140,140,'1',1,'2017-01-26 02:42:42'),(353,'Chicken Novelty',NULL,'0',150,150,'1',1,'2017-01-26 02:42:42'),(354,'Chicken Ghee Roast',NULL,'0',200,200,'1',1,'2017-01-26 02:42:42'),(355,'Chicken Junglee',NULL,'0',180,180,'1',1,'2017-01-26 02:42:42'),(356,'Chicken Palak',NULL,'0',150,150,'1',1,'2017-01-26 02:42:42'),(357,'Chicken Afghani',NULL,'0',110,110,'1',1,'2017-01-26 02:42:42'),(358,'Chicken Crispy',NULL,'0',130,130,'1',1,'2017-01-26 02:42:42'),(359,'Chicken Manchurian',NULL,'0',120,120,'1',1,'2017-01-26 02:42:42'),(360,'Chicken Chilly',NULL,'0',120,120,'1',1,'2017-01-26 02:42:42'),(361,'Chicken Lollipop',NULL,'0',140,140,'1',1,'2017-01-26 02:42:42'),(362,'Chicken Spring Roll',NULL,'0',150,150,'1',1,'2017-01-26 02:42:42'),(363,'Chicken Schezwan lollipop',NULL,'0',150,150,'1',1,'2017-01-26 02:42:42'),(364,'Chicken Red Hot Pepper',NULL,'0',150,150,'1',1,'2017-01-26 02:42:42'),(365,'Chicken Salt And Pepper',NULL,'0',165,165,'1',1,'2017-01-26 02:42:42'),(366,'Chicken Schezwan Dry',NULL,'0',120,120,'1',1,'2017-01-26 02:42:42'),(367,'Apple Chicken Dry',NULL,'0',160,160,'1',1,'2017-01-26 02:42:42'),(368,'Chicken 65',NULL,'0',150,150,'1',1,'2017-01-26 02:42:42'),(369,'Chicken Butter Pepper',NULL,'0',170,170,'1',1,'2017-01-26 02:42:42'),(370,'Chicken Dragon',NULL,'0',160,160,'1',1,'2017-01-26 02:42:42'),(371,'Chicken Thai Penn',NULL,'0',250,250,'1',1,'2017-01-26 02:42:42'),(372,'Chicken Kheema Chilly',NULL,'0',150,150,'1',1,'2017-01-26 02:42:42'),(373,'Chicken Pota Chilly',NULL,'0',150,150,'1',1,'2017-01-26 02:42:42'),(374,'Chicken Liver Chilly',NULL,'0',150,150,'1',1,'2017-01-26 02:42:42'),(375,'Chicken Pota Liver Manchurian',NULL,'0',165,165,'1',1,'2017-01-26 02:42:42'),(376,'Chicken Sesame Finger',NULL,'0',170,170,'1',1,'2017-01-26 02:42:42'),(377,'Chicken Gold Coin',NULL,'0',150,150,'1',1,'2017-01-26 02:42:42'),(378,'Chicken Gold Finger',NULL,'0',200,200,'1',1,'2017-01-26 02:42:43'),(379,'Chicken Sesame Toast',NULL,'0',180,180,'1',1,'2017-01-26 02:42:43'),(380,'Chicken Soya Chilly',NULL,'0',150,150,'1',1,'2017-01-26 02:42:43'),(381,'Chicken Roasted Chilly',NULL,'0',160,160,'1',1,'2017-01-26 02:42:43'),(382,'Roasted Lame Chilly',NULL,'0',170,170,'1',1,'2017-01-26 02:42:43'),(383,'Chicken Lemonate Chilly',NULL,'0',160,160,'1',1,'2017-01-26 02:42:43'),(384,'Chicken Haveli',NULL,'0',200,200,'1',1,'2017-01-26 02:42:43'),(385,'Chicken 992',NULL,'0',20,20,'1',1,'2017-01-26 02:42:43'),(386,'Chicken 69',NULL,'0',200,200,'1',1,'2017-01-26 02:42:43'),(387,'Thread Chicken',NULL,'0',150,150,'1',1,'2017-01-26 02:42:43'),(388,'Chicken Mongolian',NULL,'0',120,120,'1',1,'2017-01-26 02:42:43'),(389,'Chicken Bangkok Crispy',NULL,'0',150,150,'1',1,'2017-01-26 02:42:43'),(390,'Chicken Banana Leaves',NULL,'0',200,200,'1',1,'2017-01-26 02:42:43'),(391,'Chicken Wild Pepper Crispy',NULL,'0',200,200,'1',1,'2017-01-26 02:42:43'),(392,'Chicken Drum Of Heaven',NULL,'0',160,160,'1',1,'2017-01-26 02:42:43'),(393,'Chicken Crunchy',NULL,'0',130,130,'1',1,'2017-01-26 02:42:43'),(394,'Chicken Hontan',NULL,'0',170,170,'1',1,'2017-01-26 02:42:43'),(395,'Chicken Ching Pong',NULL,'0',200,200,'1',1,'2017-01-26 02:42:43'),(396,'Chicken Hunani',NULL,'0',140,140,'1',1,'2017-01-26 02:42:43'),(397,'Chicken Blaster Chilly',NULL,'0',140,140,'1',1,'2017-01-26 02:42:43'),(398,'Chicken Sweet And Sour',NULL,'0',110,110,'1',1,'2017-01-26 02:42:43'),(399,'Chicken Chinese Bhel Red',NULL,'0',110,110,'1',1,'2017-01-26 02:42:44'),(400,'Chicken Chinese Bhel White',NULL,'0',110,110,'1',1,'2017-01-26 02:42:44'),(401,'Egg Chilly',NULL,'0',100,100,'1',1,'2017-01-26 02:42:44'),(402,'Chicken Satay',NULL,'0',140,140,'1',1,'2017-01-26 02:42:44'),(403,'Chicken Black Bean Sauce (dry)',NULL,'0',140,140,'1',1,'2017-01-26 02:42:44'),(404,'Chicken Black Bean Sauce Gravy',NULL,'0',150,150,'1',1,'2017-01-26 02:42:44'),(405,'Chicken Oyster Sauce',NULL,'0',150,150,'1',1,'2017-01-26 02:42:44'),(406,'Red Chicken Curry2',NULL,'0',20,20,'1',1,'2017-01-26 02:42:44'),(407,'Green Chicken Curry',NULL,'0',200,200,'1',1,'2017-01-26 02:42:44'),(408,'Chicken Worcester Sauce',NULL,'0',180,180,'1',1,'2017-01-26 02:42:44'),(409,'Chicken Tandoori',NULL,'0',130,130,'1',1,'2017-01-26 02:42:44'),(410,'Chicken Haldi Tandoori',NULL,'0',120,120,'1',1,'2017-01-26 02:42:44'),(411,'Chicken Kalimiri Tandoori',NULL,'0',140,140,'1',1,'2017-01-26 02:42:44'),(412,'Chicken Jeera Tandoori',NULL,'0',130,130,'1',1,'2017-01-26 02:42:44'),(413,'Chicken White Tandoori',NULL,'0',130,130,'1',1,'2017-01-26 02:42:44'),(414,'Chicken Masala Tandoori',NULL,'0',160,160,'1',1,'2017-01-26 02:42:44'),(415,'Chicken Tukda Tandoori',NULL,'0',140,140,'1',1,'2017-01-26 02:42:44'),(416,'Chicken Tikka',NULL,'0',160,160,'1',1,'2017-01-26 02:42:44'),(417,'Chicken Achari Kabab',NULL,'0',190,190,'1',1,'2017-01-26 02:42:44'),(418,'Chicken Pahadi Kabab',NULL,'0',170,170,'1',1,'2017-01-26 02:42:44'),(420,'Chicken Kalimiri',NULL,'0',180,180,'1',1,'2017-01-26 02:42:44'),(421,'Chicken Reshmi Kabab',NULL,'0',190,190,'1',1,'2017-01-26 02:42:44'),(422,'Chicken Adraki Kabab',NULL,'0',180,180,'1',1,'2017-01-26 02:42:44'),(423,'Chicken Lasooni Kabab',NULL,'0',180,180,'1',1,'2017-01-26 02:42:44'),(424,'Chicken Banjara Kabab',NULL,'0',190,190,'1',1,'2017-01-26 02:42:44'),(425,'Chicken Angara Kabab',NULL,'0',140,140,'1',1,'2017-01-26 02:42:45'),(426,'Chicken Tangadi Kabab',NULL,'0',220,220,'1',1,'2017-01-26 02:42:45'),(427,'Chicken Aatishi Kabab',NULL,'0',150,150,'1',1,'2017-01-26 02:42:45'),(428,'Chicken Multani Kabab',NULL,'0',170,170,'1',1,'2017-01-26 02:42:45'),(429,'Chicken Cheese Kabab',NULL,'0',180,180,'1',1,'2017-01-26 02:42:45'),(430,'Non-veg Platter Fish',NULL,'0',700,700,'1',1,'2017-01-26 02:42:45'),(431,'Tandoori Lollipop',NULL,'0',150,150,'1',1,'2017-01-26 02:42:45'),(432,'Boti Kabab',NULL,'0',210,210,'1',1,'2017-01-26 02:42:45'),(433,'Kathi Kabab',NULL,'0',190,190,'1',1,'2017-01-26 02:42:45'),(434,'Chicken Kalmi Kabab',NULL,'0',200,200,'1',1,'2017-01-26 02:42:45'),(435,'Chicken Stuffed Wings',NULL,'0',210,210,'1',1,'2017-01-26 02:42:45'),(436,'Chicken Kasturi Kabab',NULL,'0',240,240,'1',1,'2017-01-26 02:42:45'),(437,'Chicken Rojali Kabab',NULL,'0',230,230,'1',1,'2017-01-26 02:42:45'),(438,'Chicken Gulmohar Kabab',NULL,'0',20,20,'1',1,'2017-01-26 02:42:45'),(439,'Chicken Cassata Kabab',NULL,'0',240,240,'1',1,'2017-01-26 02:42:45'),(440,'Bombil Chilly',NULL,'0',110,110,'1',1,'2017-01-26 02:42:45'),(441,'Bombil Tawa Fry',NULL,'0',90,90,'1',1,'2017-01-26 02:42:45'),(442,'Bombil Rava Fry',NULL,'0',90,90,'1',1,'2017-01-26 02:42:45'),(443,'Bombil Koliwada',NULL,'0',100,100,'1',1,'2017-01-26 02:42:45'),(444,'Bhangda Fry',NULL,'0',0,0,'1',1,'2017-01-26 02:45:50'),(445,'Bhangda Tawa Fry',NULL,'0',0,0,'1',1,'2017-01-26 02:45:50'),(446,'Mandeli Fry',NULL,'0',0,0,'1',1,'2017-01-26 02:45:50'),(447,'Pomfret Tawa Fry',NULL,'0',90,90,'1',1,'2017-01-26 02:45:50'),(448,'Pomfret Rava Fry',NULL,'0',0,0,'1',1,'2017-01-26 02:45:50'),(449,'Pomfret Oil Fry',NULL,'0',0,0,'1',1,'2017-01-26 02:45:50'),(450,'Pomfret Tandoori',NULL,'0',0,0,'1',1,'2017-01-26 02:45:50'),(451,'Surmai Tawa Fry',NULL,'0',0,0,'1',1,'2017-01-26 02:45:50'),(452,'Surmai Oil Fry',NULL,'0',0,0,'1',1,'2017-01-26 02:45:50'),(453,'Surmai Tandoori',NULL,'0',0,0,'1',1,'2017-01-26 02:45:50'),(454,'Surmai Chilly',NULL,'0',0,0,'1',1,'2017-01-26 02:45:50'),(455,'Surmai Manchurian',NULL,'0',0,0,'1',1,'2017-01-26 02:45:50'),(456,'Pomfret Chilly',NULL,'0',0,0,'1',1,'2017-01-26 02:45:50'),(457,'Pomfret Manchurian',NULL,'0',0,0,'1',1,'2017-01-26 02:45:50'),(458,'Fish Finger',NULL,'0',0,0,'1',1,'2017-01-26 02:45:50'),(459,'Rawas Tikka',NULL,'0',0,0,'1',1,'2017-01-26 02:45:50'),(460,'Prawns Chilly Manchurian',NULL,'0',0,0,'1',1,'2017-01-26 02:45:50'),(461,'Prawns Tawa Fry',NULL,'0',0,0,'1',1,'2017-01-26 02:45:51'),(462,'Prawns Koliwada',NULL,'0',0,0,'1',1,'2017-01-26 02:45:51'),(463,'Prawns Rava Fry',NULL,'0',0,0,'1',1,'2017-01-26 02:45:51'),(464,'Rawas Koliwada',NULL,'0',0,0,'1',1,'2017-01-26 02:45:51'),(465,'Prawns Tandoori',NULL,'0',0,0,'1',1,'2017-01-26 02:45:51'),(466,'Prawns Barbeque',NULL,'0',0,0,'1',1,'2017-01-26 02:45:51'),(467,'Prawns Pahadi',NULL,'0',0,0,'1',1,'2017-01-26 02:45:51'),(468,'Baby Surmai Tandoori',NULL,'0',0,0,'1',1,'2017-01-26 02:45:51'),(469,'Stuffed Pomfret',NULL,'0',0,0,'1',1,'2017-01-26 02:45:51'),(470,'Seafood Platter',NULL,'1',1200,1200,'1',1,'2017-01-26 02:45:51'),(471,'Aloo Palak',NULL,'1',80,80,'1',1,'2017-01-26 02:45:51'),(472,'Aloo Mutter',NULL,'1',70,70,'1',1,'2017-01-26 02:45:51'),(473,'Aloo Jeera',NULL,'1',60,60,'1',1,'2017-01-26 02:45:51'),(474,'Aloo Gobi',NULL,'1',80,80,'1',1,'2017-01-26 02:45:51'),(475,'Aloo Tomato',NULL,'1',70,70,'1',1,'2017-01-26 02:45:51'),(476,'Bhendi Masala',NULL,'1',70,70,'1',1,'2017-01-26 02:45:51'),(477,'Bhendi Fry',NULL,'1',60,60,'1',1,'2017-01-26 02:45:52'),(478,'Baigan Bharta',NULL,'1',80,80,'1',1,'2017-01-26 02:45:52'),(479,'Baby Corn Kadai',NULL,'1',70,70,'1',1,'2017-01-26 02:45:52'),(480,'Baby Corn Masala',NULL,'1',110,110,'1',1,'2017-01-26 02:45:52'),(481,'Dum Aloo Punjabi',NULL,'1',100,100,'1',1,'2017-01-26 02:45:52'),(482,'Chana Masala',NULL,'1',80,80,'1',1,'2017-01-26 02:45:52'),(483,'Mushroom Masala','','1',90,90,'1',1,'2017-01-26 02:45:52'),(484,'Mushroom Tikka Masala',NULL,'1',120,120,'1',1,'2017-01-26 02:45:52'),(485,'Veg Rara Masala',NULL,'1',100,100,'1',1,'2017-01-26 02:45:52'),(486,'Veg Kofta',NULL,'1',100,100,'1',1,'2017-01-26 02:45:52'),(487,'Veg Jaypuri',NULL,'1',100,100,'1',1,'2017-01-26 02:45:52'),(488,'Veg Rajasthani',NULL,'1',110,110,'1',1,'2017-01-26 02:45:52'),(489,'Veg Harabhara Masala',NULL,'1',100,100,'1',1,'2017-01-26 02:45:52'),(490,'Veg Jalbaje',NULL,'1',110,110,'1',1,'2017-01-26 02:45:52'),(491,'Veg Diwani Handi',NULL,'1',130,130,'1',1,'2017-01-26 02:45:52'),(492,'Veg Tartar',NULL,'1',140,140,'1',1,'2017-01-26 02:45:52'),(493,'Sabji Banjara',NULL,'1',130,130,'1',1,'2017-01-26 02:45:52'),(494,'Veg Shaklace',NULL,'1',120,120,'1',1,'2017-01-26 02:45:52'),(495,'Veg Galati Tawa',NULL,'1',160,160,'1',1,'2017-01-26 02:45:52'),(496,'Veg Mix Sambhara',NULL,'1',130,130,'1',1,'2017-01-26 02:45:53'),(497,'Veg Kadai',NULL,'1',100,100,'1',1,'2017-01-26 02:45:53'),(498,'Veg Kolhapuri',NULL,'1',90,90,'1',1,'2017-01-26 02:45:53'),(499,'Veg Hyderabadi',NULL,'1',110,110,'1',1,'2017-01-26 02:45:53'),(500,'Veg Handi',NULL,'1',120,120,'1',1,'2017-01-26 02:45:53'),(501,'Veg Patiyala',NULL,'1',140,140,'1',1,'2017-01-26 02:45:53'),(502,'Veg Maharaja',NULL,'1',110,110,'1',1,'2017-01-26 02:45:53'),(503,'Veg Makhanwala',NULL,'1',100,100,'1',1,'2017-01-26 02:45:53'),(504,'Veg Kabab Masala',NULL,'1',110,110,'1',1,'2017-01-26 02:45:53'),(505,'Veg Balti',NULL,'1',130,130,'1',1,'2017-01-26 02:45:53'),(506,'Veg Tawa Masala',NULL,'1',130,130,'1',1,'2017-01-26 02:45:53'),(507,'Veg Chilly Milly',NULL,'1',150,150,'1',1,'2017-01-26 02:45:53'),(508,'Veg Anarkali',NULL,'1',150,150,'1',1,'2017-01-26 02:45:53'),(509,'Veg Lahori',NULL,'1',140,140,'1',1,'2017-01-26 02:45:53'),(510,'Paneer Bhurji',NULL,'1',140,140,'1',1,'2017-01-26 02:45:53'),(511,'Paneer Mushroom Masala',NULL,'1',130,130,'1',1,'2017-01-26 02:45:53'),(512,'Paneer Palak',NULL,'1',120,120,'1',1,'2017-01-26 02:45:53'),(513,'Paneer Kadai',NULL,'1',120,120,'1',1,'2017-01-26 02:45:53'),(514,'Paneer Makhanwala',NULL,'1',110,110,'1',1,'2017-01-26 02:45:53'),(515,'Paneer Kolhapuri',NULL,'1',120,120,'1',1,'2017-01-26 02:45:53'),(516,'Paneer Mutter',NULL,'1',110,110,'1',1,'2017-01-26 02:45:53'),(517,'Paneer Chatpatta Masala',NULL,'1',110,110,'1',1,'2017-01-26 02:45:54'),(518,'Paneer Handi',NULL,'1',120,120,'1',1,'2017-01-26 02:45:54'),(519,'Paneer Butter Masala',NULL,'1',95,95,'1',1,'2017-01-26 02:45:54'),(520,'Paneer Kofta',NULL,'1',100,100,'1',1,'2017-01-26 02:45:54'),(521,'Paneer Shajanee',NULL,'1',120,120,'1',1,'2017-01-26 02:45:54'),(522,'Paneer Tikka Masala',NULL,'1',120,120,'1',1,'2017-01-26 02:45:54'),(523,'Paneer Pasanda',NULL,'1',140,140,'1',1,'2017-01-26 02:45:54'),(524,'Tomato Bhartha',NULL,'1',80,80,'1',1,'2017-01-26 02:45:54'),(525,'Veg Kheema',NULL,'1',90,90,'1',1,'2017-01-26 02:45:54'),(526,'Dal Fry',NULL,'1',70,70,'1',1,'2017-01-26 02:45:54'),(527,'Dal Tadka',NULL,'1',75,75,'1',1,'2017-01-26 02:45:54'),(528,'Dal Kolhapuri',NULL,'1',70,70,'1',1,'2017-01-26 02:45:54'),(529,'Dal Makhani',NULL,'1',75,75,'1',1,'2017-01-26 02:45:54'),(530,'Navratna Kurma',NULL,'1',110,110,'1',1,'2017-01-26 02:45:54'),(531,'Malai Kofta',NULL,'1',120,120,'1',1,'2017-01-26 02:45:54'),(532,'Malai Methi Mutter',NULL,'1',90,90,'1',1,'2017-01-26 02:45:54'),(533,'Veg Ap-special',NULL,'1',250,250,'1',1,'2017-01-26 02:45:54'),(534,'Chicken Mughlai',NULL,'0',140,140,'1',1,'2017-01-26 02:45:54'),(535,'Chicken Green Masala',NULL,'0',180,180,'1',1,'2017-01-26 02:45:54'),(536,'Chicken Sukka (south Indian Style)',NULL,'0',130,130,'1',1,'2017-01-26 02:45:54'),(538,'Chicken Bunasha',NULL,'0',220,220,'1',1,'2017-01-26 02:45:54'),(539,'Chicken Mazedar',NULL,'0',220,220,'1',1,'2017-01-26 02:45:54'),(540,'Chicken Methi',NULL,'0',180,180,'1',1,'2017-01-26 02:45:54'),(541,'Chicken Do Pyaza',NULL,'0',160,160,'1',1,'2017-01-26 02:45:54'),(542,'Murg Masala',NULL,'0',290,290,'1',1,'2017-01-26 02:45:54'),(543,'Chicken Kheema Masala',NULL,'0',120,120,'1',1,'2017-01-26 02:45:55'),(544,'Chicken Liver Masala',NULL,'0',100,100,'1',1,'2017-01-26 02:45:55'),(545,'Egg Masala',NULL,'0',80,80,'1',1,'2017-01-26 02:45:55'),(546,'Egg Masala Fry',NULL,'0',90,90,'1',1,'2017-01-26 02:45:55'),(547,'Egg Mughlai',NULL,'0',100,100,'1',1,'2017-01-26 02:45:55'),(548,'Butter Chicken',NULL,'0',140,140,'1',1,'2017-01-26 02:45:55'),(549,'Chicken Himalaya',NULL,'0',250,250,'1',1,'2017-01-26 02:45:55'),(550,'Chicken Pora',NULL,'0',280,280,'1',1,'2017-01-26 02:45:55'),(553,'Bhangda Masala',NULL,'0',110,110,'1',1,'2017-01-26 02:45:55'),(554,'Pomfret Masala Green',NULL,'0',0,0,'1',1,'2017-01-26 02:45:55'),(555,'Pomfret Malwani Green',NULL,'0',0,0,'1',1,'2017-01-26 02:45:55'),(556,'Prawns Masala Green',NULL,'0',0,0,'1',1,'2017-01-26 02:45:55'),(557,'Prawns Malwani Green',NULL,'0',0,0,'1',1,'2017-01-26 02:45:55'),(558,'Surmai Masala Green',NULL,'0',0,0,'1',1,'2017-01-26 02:45:55'),(559,'Surmai Malwani Green',NULL,'0',0,0,'1',1,'2017-01-26 02:45:55'),(560,'Rawas Masala Green',NULL,'0',0,0,'1',1,'2017-01-26 02:45:55'),(561,'Rawas Malwani Green',NULL,'0',0,0,'1',1,'2017-01-26 02:45:55'),(563,'Mutton Handi',NULL,'0',200,200,'1',1,'2017-01-26 02:45:55'),(564,'Mutton Masala',NULL,'0',140,140,'1',1,'2017-01-26 02:45:56'),(565,'Mutton Masala Fry',NULL,'0',150,150,'1',1,'2017-01-26 02:45:56'),(566,'Mutton Sukka (south Indian Style)',NULL,'0',150,150,'1',1,'2017-01-26 02:45:56'),(567,'Mutton Kolhapuri',NULL,'0',150,150,'1',1,'2017-01-26 02:45:56'),(568,'Mutton Do Pyaza',NULL,'0',180,180,'1',1,'2017-01-26 02:45:56'),(569,'Mutton Kadai',NULL,'0',220,220,'1',1,'2017-01-26 02:45:56'),(570,'Mutton Green Masala',NULL,'0',220,220,'1',1,'2017-01-26 02:45:56'),(571,'Mutton Rogan Josh',NULL,'0',220,220,'1',1,'2017-01-26 02:45:56'),(572,'Mutton Kheema Mutter',NULL,'0',180,180,'1',1,'2017-01-26 02:45:56'),(573,'Bhuna Gosht',NULL,'0',240,240,'1',1,'2017-01-26 02:45:56'),(574,'Mutton Shalimar',NULL,'0',240,240,'1',1,'2017-01-26 02:45:56'),(575,'Mutton Tawa',NULL,'0',220,220,'1',1,'2017-01-26 02:45:56'),(576,'Mutton Rara',NULL,'0',240,240,'1',1,'2017-01-26 02:45:56'),(577,'Mutton Vindaloo',NULL,'0',240,240,'1',1,'2017-01-26 02:45:56'),(578,'Mutton Hyderabadi',NULL,'0',200,200,'1',1,'2017-01-26 02:45:56'),(579,'Bheja Tawa Fry',NULL,'0',140,140,'1',1,'2017-01-26 02:45:56'),(580,'Bheja Masala Fry',NULL,'0',140,140,'1',1,'2017-01-26 02:45:56'),(581,'Dal Gosht',NULL,'0',180,180,'1',1,'2017-01-26 02:45:56'),(582,'Roti',NULL,'1',10,10,'1',1,'2017-01-26 02:45:56'),(583,'Butter Roti',NULL,'1',15,15,'1',1,'2017-01-26 02:45:56'),(584,'Paratha',NULL,'1',25,25,'1',1,'2017-01-26 02:45:56'),(585,'Naan',NULL,'1',25,25,'1',1,'2017-01-26 02:45:56'),(586,'Kulcha',NULL,'1',25,25,'1',1,'2017-01-26 02:45:57'),(587,'Butter Paratha',NULL,'1',35,35,'1',1,'2017-01-26 02:45:57'),(588,'Butter Naan',NULL,'1',35,35,'1',1,'2017-01-26 02:45:57'),(589,'Butter Kulcha',NULL,'1',35,35,'1',1,'2017-01-26 02:45:57'),(590,'Pudina Paratha',NULL,'1',35,35,'1',1,'2017-01-26 02:45:57'),(591,'Methi Paratha',NULL,'1',35,35,'1',1,'2017-01-26 02:45:57'),(592,'Butter Lachedar Paratha',NULL,'1',55,55,'1',1,'2017-01-26 02:45:57'),(593,'Paneer Stuffed Paratha',NULL,'1',70,70,'1',1,'2017-01-26 02:45:57'),(594,'Cheese Naan',NULL,'1',90,90,'1',1,'2017-01-26 02:45:57'),(595,'Garlic Naan',NULL,'1',65,65,'1',1,'2017-01-26 02:45:57'),(596,'Cheese Garlic Naan',NULL,'1',95,95,'1',1,'2017-01-26 02:45:57'),(597,'Aloo Paratha',NULL,'1',50,50,'1',1,'2017-01-26 02:45:57'),(598,'Veg Stuffed Paratha',NULL,'1',50,50,'1',1,'2017-01-26 02:45:57'),(599,'Rumali Roti',NULL,'1',25,25,'1',1,'2017-01-26 02:45:57'),(600,'Butter Rumali Roti',NULL,'1',30,30,'1',1,'2017-01-26 02:45:57'),(601,'Kheema Naan',NULL,'1',110,110,'1',1,'2017-01-26 02:45:57'),(602,'Kheema Paratha',NULL,'1',110,110,'1',1,'2017-01-26 02:45:57'),(603,'Neer Dosa',NULL,'1',45,45,'1',1,'2017-01-26 02:45:57'),(604,'Veg Biryani',NULL,'1',130,130,'1',1,'2017-01-26 02:45:57'),(605,'Veg Dum Biryani',NULL,'1',140,140,'1',1,'2017-01-26 02:45:57'),(606,'Veg Hyderabadi Biryani',NULL,'1',140,140,'1',1,'2017-01-26 02:45:57'),(607,'Veg Handi Biryani',NULL,'1',160,160,'1',1,'2017-01-26 02:45:57'),(608,'Veg Pulav',NULL,'1',130,130,'1',1,'2017-01-26 02:45:57'),(609,'Veg.tawa Pulav',NULL,'1',150,150,'1',1,'2017-01-26 02:45:57'),(610,'Veg Kasmiri Pulav',NULL,'1',140,140,'1',1,'2017-01-26 02:45:57'),(611,'Green Peas Pulav',NULL,'1',110,110,'1',1,'2017-01-26 02:45:57'),(612,'Paneer Biryani',NULL,'1',150,150,'1',1,'2017-01-26 02:45:58'),(613,'Paneer Tikka Biryani',NULL,'1',180,180,'1',1,'2017-01-26 02:45:58'),(614,'Paneer Pulav',NULL,'1',150,150,'1',1,'2017-01-26 02:45:58'),(615,'Biryani Rice',NULL,'1',90,90,'1',1,'2017-01-26 02:45:58'),(616,'Jeera Rice',NULL,'1',85,85,'1',1,'2017-01-26 02:45:58'),(617,'Steam Rice',NULL,'1',75,75,'1',1,'2017-01-26 02:45:58'),(618,'Dal Khichdi',NULL,'1',110,110,'1',1,'2017-01-26 02:45:58'),(619,'Dal Palak Khichdi',NULL,'1',120,120,'1',1,'2017-01-26 02:45:58'),(620,'Palak Khichdi',NULL,'1',110,110,'1',1,'2017-01-26 02:45:58'),(621,'Curd Rice',NULL,'1',110,110,'1',1,'2017-01-26 02:45:58'),(622,'Ghee Rice',NULL,'1',110,110,'1',1,'2017-01-26 02:45:58'),(623,'Chicken Biryani',NULL,'0',150,150,'1',1,'2017-01-26 02:45:58'),(624,'Chicken Biryani (b/l)',NULL,'0',160,160,'1',1,'2017-01-26 02:45:58'),(625,'Chicken Tikka Biryani',NULL,'0',180,180,'1',1,'2017-01-26 02:45:58'),(626,'Chicken Handi Biryani',NULL,'0',200,200,'1',1,'2017-01-26 02:45:58'),(627,'Chicken Hyderabadi Biryani',NULL,'0',160,160,'1',1,'2017-01-26 02:45:58'),(628,'Chicken Dum Biryani',NULL,'0',220,220,'1',1,'2017-01-26 02:45:58'),(629,'Egg Biryani',NULL,'0',140,140,'1',1,'2017-01-26 02:45:58'),(630,'Mutton Biryani',NULL,'0',160,160,'1',1,'2017-01-26 02:45:59'),(631,'Mutton Biryani (b/l)',NULL,'0',180,180,'1',1,'2017-01-26 02:45:59'),(632,'Mutton Handi Biryani',NULL,'0',220,220,'1',1,'2017-01-26 02:45:59'),(633,'Mutton Hyderabadi Biryani',NULL,'0',180,180,'1',1,'2017-01-26 02:45:59'),(634,'Mutton Dum Biryani',NULL,'0',240,240,'1',1,'2017-01-26 02:45:59'),(635,'Prawns Biryani',NULL,'0',180,180,'1',1,'2017-01-26 02:45:59'),(636,'Prawns Handi Biryani',NULL,'0',230,230,'1',1,'2017-01-26 02:45:59'),(637,'Prawns Dum Biryani',NULL,'0',240,240,'1',1,'2017-01-26 02:45:59'),(638,'Prawns Pulav',NULL,'0',180,180,'1',1,'2017-01-26 02:45:59'),(639,'Vanilla',NULL,'1',60,60,'1',1,'2017-01-26 02:45:59'),(640,'Strawberry',NULL,'1',60,60,'1',1,'2017-01-26 02:45:59'),(641,'Chocolate',NULL,'1',60,60,'1',1,'2017-01-26 02:45:59'),(642,'Mango',NULL,'1',70,70,'1',1,'2017-01-26 02:45:59'),(643,'Butterscotch',NULL,'1',70,70,'1',1,'2017-01-26 02:45:59'),(644,'Kesar Pista',NULL,'1',70,70,'1',1,'2017-01-26 02:45:59'),(645,'Cassatta Slice',NULL,'1',60,60,'1',1,'2017-01-26 02:45:59'),(646,'Matka Kulfi',NULL,'1',60,60,'1',1,'2017-01-26 02:45:59'),(647,'Fruit Salad',NULL,'1',100,100,'1',1,'2017-01-26 02:45:59'),(648,'Fruit Salad With Ice Cream',NULL,'1',110,110,'1',1,'2017-01-26 02:45:59'),(649,'Vanilla With Chocolate Sauce',NULL,'1',80,80,'1',1,'2017-01-26 02:45:59'),(650,'Honeymoon Special',NULL,'1',130,130,'1',1,'2017-01-26 02:45:59'),(651,'Triple Sunday',NULL,'1',150,150,'1',1,'2017-01-26 02:45:59'),(652,'Gadbad',NULL,'1',80,80,'1',1,'2017-01-26 02:45:59'),(653,'Sizzling Brownie',NULL,'1',120,120,'1',1,'2017-01-26 02:45:59'),(654,'Rose Falooda',NULL,'1',110,110,'1',1,'2017-01-26 02:45:59'),(655,'Kesar Falooda',NULL,'1',110,110,'1',1,'2017-01-26 02:45:59'),(656,'Cometto',NULL,'1',50,50,'1',1,'2017-01-26 02:46:00'),(657,'Fresh Fruit Juices',NULL,'1',70,70,'1',1,'2017-01-26 02:46:00'),(658,'Chicken Dum Biryani 1 Kg',NULL,'0',900,900,'1',1,'2017-01-26 02:46:00'),(659,'Chicken Tikka Biryani 1 Kg',NULL,'0',1000,1000,'1',1,'2017-01-26 02:46:00'),(660,'Mutton Biryani 1 Kg',NULL,'0',950,950,'1',1,'2017-01-26 02:46:00'),(661,'Mutton Dum Biryani 1 Kg',NULL,'0',1100,1100,'1',1,'2017-01-26 02:46:00'),(662,'Prawns Biryani 1 Kg',NULL,'0',1100,1100,'1',1,'2017-01-26 02:46:00'),(663,'Veg Biryani 1 Kg',NULL,'0',750,750,'1',1,'2017-01-26 02:46:00'),(664,'Veg Pulav 1 Kg',NULL,'0',650,650,'1',1,'2017-01-26 02:46:00'),(665,'Strawberry Spicy',NULL,'1',160,160,'1',1,'2017-01-26 02:46:00'),(666,'Fruit Punch',NULL,'1',140,140,'1',1,'2017-01-26 02:46:00'),(667,'House Special Mocktail',NULL,'1',200,200,'1',1,'2017-01-26 02:46:00'),(668,'Virgin Colado',NULL,'1',180,180,'1',1,'2017-01-26 02:46:00'),(669,'Tanhai',NULL,'1',200,200,'1',1,'2017-01-26 02:46:00'),(670,'Slim Lady',NULL,'1',200,200,'1',1,'2017-01-26 02:46:00'),(671,'Mind Cooler',NULL,'1',180,180,'1',1,'2017-01-26 02:46:00'),(672,'Pink Passion',NULL,'1',180,180,'1',1,'2017-01-26 02:46:00'),(673,'Veg Tiranga',NULL,'1',200,200,'1',1,'2017-01-26 02:46:00'),(674,'Strawberry Caipirojka',NULL,'1',180,180,'1',1,'2017-01-26 02:46:00'),(675,'Shagorae',NULL,'1',180,180,'1',1,'2017-01-26 02:46:00'),(676,'Mix Icy Spicy',NULL,'1',180,180,'1',1,'2017-01-26 02:46:00'),(677,'Blue Lagoon',NULL,'1',180,180,'1',1,'2017-01-26 02:46:00'),(678,'Bloody Mary',NULL,'1',0,0,'1',1,'2017-01-26 02:46:00'),(679,'Tea',NULL,'1',20,20,'1',1,'2017-01-26 02:46:00'),(680,'Coffee',NULL,'1',35,35,'1',1,'2017-01-26 02:46:01'),(681,'Soft Drink 300ml',NULL,'1',30,30,'1',1,'2017-01-26 02:46:01'),(682,'Soft Drink 500ml',NULL,'1',45,45,'1',1,'2017-01-26 02:46:01'),(683,'Jaljeera',NULL,'1',45,45,'1',1,'2017-01-26 02:46:01'),(684,'Butter Milk',NULL,'1',45,45,'1',1,'2017-01-26 02:46:01'),(685,'Lassi',NULL,'1',80,80,'1',1,'2017-01-26 02:46:01'),(686,'Soda 300ml',NULL,'1',20,20,'1',1,'2017-01-26 02:46:01'),(687,'Soda 500ml',NULL,'1',25,25,'1',1,'2017-01-26 02:46:01'),(688,'Fresh Lime Soda water',NULL,'1',50,50,'1',1,'2017-01-26 02:46:01'),(689,'Mineral Water 1ltr',NULL,'1',20,20,'1',1,'2017-01-26 02:46:01'),(690,'Mineral Water Small',NULL,'1',10,10,'1',1,'2017-01-26 02:46:01'),(691,'Vanilla Milkshake',NULL,'1',100,100,'1',1,'2017-01-26 02:46:01'),(692,'Chocolate Milkshake',NULL,'1',100,100,'1',1,'2017-01-26 02:46:01'),(693,'Mango Milkshake',NULL,'1',100,100,'1',1,'2017-01-26 02:46:01'),(694,'Strawberry Milkshake',NULL,'1',100,100,'1',1,'2017-01-26 02:46:01'),(695,'Cold Coffee',NULL,'1',100,100,'1',1,'2017-01-26 02:46:01'),(696,'Cold Coffee With Ice-cream',NULL,'1',110,110,'1',1,'2017-01-26 02:46:01'),(697,'Red Bull',NULL,'1',110,110,'1',1,'2017-01-26 02:46:01'),(698,'Tomato Shorba',NULL,'1',75,75,'1',1,'2017-01-26 02:46:01'),(699,'Palak Shorba',NULL,'1',80,80,'1',1,'2017-01-26 02:46:01'),(700,'Dal Shorba',NULL,'1',80,80,'1',1,'2017-01-26 02:46:01'),(701,'Chicken Shorba',NULL,'1',90,90,'1',1,'2017-01-26 02:46:02'),(702,'Cream Of Chicken Shorba',NULL,'1',90,90,'1',1,'2017-01-26 02:46:02'),(703,'Roasted Papad',NULL,'1',10,10,'1',1,'2017-01-26 02:46:02'),(704,'Masala Papad',NULL,'1',20,20,'1',1,'2017-01-26 02:46:02'),(705,'Fry Papad',NULL,'1',10,10,'1',1,'2017-01-26 02:46:02'),(706,'Green Salad',NULL,'1',40,40,'1',1,'2017-01-26 02:46:02'),(707,'Cucumber Salad',NULL,'1',60,60,'1',1,'2017-01-26 02:46:02'),(708,'Plain Curd',NULL,'1',40,40,'1',1,'2017-01-26 02:46:02'),(709,'Veg Raita',NULL,'1',55,55,'1',1,'2017-01-26 02:46:02'),(710,'Boondi Raita',NULL,'1',60,60,'1',1,'2017-01-26 02:46:02'),(711,'Veg Russian Salad',NULL,'1',90,90,'1',1,'2017-01-26 02:46:02'),(712,'Chicken Russian Salad',NULL,'1',110,110,'1',1,'2017-01-26 02:46:02'),(713,'Pineapple Raita',NULL,'1',75,75,'1',1,'2017-01-26 02:46:02'),(714,'Rumali Masala Papad',NULL,'1',50,50,'1',1,'2017-01-26 02:46:02'),(715,'Cheese',NULL,'1',30,30,'1',1,'2017-01-26 02:46:02'),(716,'Cheese Cherry Pineapple',NULL,'1',90,90,'1',1,'2017-01-26 02:46:02'),(717,'Omlet',NULL,'0',60,60,'1',1,'2017-01-26 02:46:02'),(718,'Egg Half Fry',NULL,'0',40,40,'1',1,'2017-01-26 02:46:02'),(719,'Egg Bhurji',NULL,'0',60,60,'1',1,'2017-01-26 02:46:02'),(720,'Egg Pakoda',NULL,'0',60,60,'1',1,'2017-01-26 02:46:02'),(721,'Cheese Omlet',NULL,'0',80,80,'1',1,'2017-01-26 02:46:02'),(722,'Tomato Omlet',NULL,'0',50,50,'1',1,'2017-01-26 02:46:02'),(723,'Boiled Egg',NULL,'0',40,40,'1',1,'2017-01-26 02:46:02'),(724,'Egg Roll',NULL,'0',50,50,'1',1,'2017-01-26 02:46:02'),(725,'Boiled Egg Bhurji (3 Pcs)',NULL,'0',70,70,'1',1,'2017-01-26 02:46:02'),(726,'Boiled Egg Chat (3 Pc)',NULL,'0',70,70,'1',1,'2017-01-26 02:46:03'),(727,'Chicken Green Tandoori','','0',300,300,'1',1,'2017-01-27 07:07:49'),(728,'Paneer Reshmi Tikka','','1',180,180,'1',1,'2017-01-27 07:14:30'),(729,'Baby Corn','','1',0,0,'1',1,'2017-01-27 07:54:54'),(730,'Chana koliwada','','1',100,100,'1',1,'2017-01-27 07:57:32'),(731,'Paneer Pudina Pakoda',NULL,'1',120,120,'1',1,'2017-01-27 08:06:03');
/*!40000 ALTER TABLE `sub_menu_master` ENABLE KEYS */;
UNLOCK TABLES;

--
-- Table structure for table `table_master`
--

DROP TABLE IF EXISTS `table_master`;
/*!40101 SET @saved_cs_client     = @@character_set_client */;
/*!40101 SET character_set_client = utf8 */;
CREATE TABLE `table_master` (
  `table_id` int(11) NOT NULL AUTO_INCREMENT,
  `table_name` varchar(45) NOT NULL,
  `is_active` char(1) NOT NULL DEFAULT '1',
  `created_by` int(11) NOT NULL,
  `created_on` timestamp NOT NULL DEFAULT CURRENT_TIMESTAMP,
  PRIMARY KEY (`table_id`),
  KEY `table_created_by_idx` (`created_by`),
  CONSTRAINT `table_created_by` FOREIGN KEY (`created_by`) REFERENCES `user_master` (`user_id`) ON DELETE NO ACTION ON UPDATE NO ACTION
) ENGINE=InnoDB AUTO_INCREMENT=13 DEFAULT CHARSET=utf8;
/*!40101 SET character_set_client = @saved_cs_client */;

--
-- Dumping data for table `table_master`
--

LOCK TABLES `table_master` WRITE;
/*!40000 ALTER TABLE `table_master` DISABLE KEYS */;
INSERT INTO `table_master` VALUES (1,'Table 1','1',1,'2016-09-17 19:07:19'),(2,'Table 2','1',1,'2016-09-17 19:07:19'),(3,'Table 3','1',1,'2016-09-17 19:07:19'),(4,'Table 4','1',1,'2016-09-17 19:07:19'),(5,'Table 5','1',1,'2016-09-17 19:07:19'),(6,'Table 6','1',1,'2016-09-17 19:07:19'),(7,'Table 7','1',1,'2016-09-17 19:07:19'),(8,'Table 8','1',1,'2016-09-17 19:07:19'),(9,'Table 9','1',1,'2016-09-17 19:07:19'),(10,'Table 10','1',1,'2016-09-17 19:07:19'),(11,'Table 11','1',1,'2016-09-17 21:03:54'),(12,'Table 31','1',1,'2016-10-01 13:11:25');
/*!40000 ALTER TABLE `table_master` ENABLE KEYS */;
UNLOCK TABLES;

--
-- Table structure for table `table_type_master`
--

DROP TABLE IF EXISTS `table_type_master`;
/*!40101 SET @saved_cs_client     = @@character_set_client */;
/*!40101 SET character_set_client = utf8 */;
CREATE TABLE `table_type_master` (
  `table_type_id` int(11) NOT NULL AUTO_INCREMENT,
  `table_type` varchar(200) DEFAULT NULL,
  `is_active` char(1) NOT NULL DEFAULT '1',
  `created_by` int(11) NOT NULL,
  `created_on` timestamp NOT NULL DEFAULT CURRENT_TIMESTAMP,
  PRIMARY KEY (`table_type_id`),
  KEY `created_table_type_id_idx` (`created_by`),
  CONSTRAINT `created_table_type_id` FOREIGN KEY (`created_by`) REFERENCES `user_master` (`user_id`) ON DELETE NO ACTION ON UPDATE NO ACTION
) ENGINE=InnoDB AUTO_INCREMENT=3 DEFAULT CHARSET=utf8;
/*!40101 SET character_set_client = @saved_cs_client */;

--
-- Dumping data for table `table_type_master`
--

LOCK TABLES `table_type_master` WRITE;
/*!40000 ALTER TABLE `table_type_master` DISABLE KEYS */;
INSERT INTO `table_type_master` VALUES (1,'Non A/C','1',1,'2016-09-17 19:05:31'),(2,'Garden with A/A','1',1,'2016-09-17 19:05:31');
/*!40000 ALTER TABLE `table_type_master` ENABLE KEYS */;
UNLOCK TABLES;

--
-- Table structure for table `table_type_name_map`
--

DROP TABLE IF EXISTS `table_type_name_map`;
/*!40101 SET @saved_cs_client     = @@character_set_client */;
/*!40101 SET character_set_client = utf8 */;
CREATE TABLE `table_type_name_map` (
  `table_type_name_map_id` int(11) NOT NULL AUTO_INCREMENT,
  `table_type_id` int(11) NOT NULL,
  `table_id` int(11) NOT NULL,
  `price_type` varchar(45) NOT NULL DEFAULT 'NON-AC',
  `is_active` char(1) NOT NULL DEFAULT '1',
  `created_by` int(11) NOT NULL,
  `created_on` timestamp NOT NULL DEFAULT CURRENT_TIMESTAMP,
  PRIMARY KEY (`table_type_name_map_id`),
  KEY `table_type_idx` (`table_type_id`),
  KEY `tbl_name_idx` (`table_id`),
  KEY `tbl_created_idx` (`created_by`),
  CONSTRAINT `table_type` FOREIGN KEY (`table_type_id`) REFERENCES `table_type_master` (`table_type_id`) ON DELETE NO ACTION ON UPDATE NO ACTION,
  CONSTRAINT `tbl_created` FOREIGN KEY (`created_by`) REFERENCES `user_master` (`user_id`) ON DELETE NO ACTION ON UPDATE NO ACTION,
  CONSTRAINT `tbl_name` FOREIGN KEY (`table_id`) REFERENCES `table_master` (`table_id`) ON DELETE NO ACTION ON UPDATE NO ACTION
) ENGINE=InnoDB AUTO_INCREMENT=25 DEFAULT CHARSET=utf8;
/*!40101 SET character_set_client = @saved_cs_client */;

--
-- Dumping data for table `table_type_name_map`
--

LOCK TABLES `table_type_name_map` WRITE;
/*!40000 ALTER TABLE `table_type_name_map` DISABLE KEYS */;
INSERT INTO `table_type_name_map` VALUES (1,1,1,'non_ac','0',1,'2016-09-17 19:13:31'),(2,1,2,'non_ac','1',1,'2016-09-17 19:13:31'),(3,1,3,'non_ac','1',1,'2016-09-17 19:13:31'),(4,1,4,'non_ac','1',1,'2016-09-17 19:13:31'),(5,1,5,'non_ac','1',1,'2016-09-17 19:13:31'),(6,1,6,'non_ac','1',1,'2016-09-17 19:13:31'),(7,1,7,'non_ac','1',1,'2016-09-17 19:13:31'),(8,1,8,'non_ac','1',1,'2016-09-17 19:13:31'),(9,1,9,'non_ac','1',1,'2016-09-17 19:13:31'),(10,1,10,'non_ac','1',1,'2016-09-17 19:13:31'),(11,2,1,'ac','1',1,'2016-09-17 19:13:31'),(12,2,2,'ac','1',1,'2016-09-17 19:13:31'),(13,2,3,'ac','1',1,'2016-09-17 19:13:31'),(14,2,4,'ac','1',1,'2016-09-17 19:13:31'),(15,2,5,'ac','1',1,'2016-09-17 19:13:31'),(16,2,6,'ac','1',1,'2016-09-17 19:13:31'),(17,2,7,'ac','1',1,'2016-09-17 19:13:31'),(18,2,8,'ac','1',1,'2016-09-17 19:13:31'),(19,2,9,'ac','1',1,'2016-09-17 19:13:31'),(20,2,10,'ac','1',1,'2016-09-17 19:13:31'),(22,2,11,'ac','1',1,'2016-09-17 21:04:11'),(23,1,12,'ac','1',1,'2016-10-01 13:11:26'),(24,2,12,'non-ac','0',1,'2016-10-01 13:11:26');
/*!40000 ALTER TABLE `table_type_name_map` ENABLE KEYS */;
UNLOCK TABLES;

--
-- Table structure for table `user_master`
--

DROP TABLE IF EXISTS `user_master`;
/*!40101 SET @saved_cs_client     = @@character_set_client */;
/*!40101 SET character_set_client = utf8 */;
CREATE TABLE `user_master` (
  `user_id` int(11) NOT NULL AUTO_INCREMENT,
  `first_name` varchar(100) NOT NULL,
  `middle_name` varchar(100) DEFAULT NULL,
  `last_name` varchar(100) NOT NULL,
  `email` varchar(200) NOT NULL,
  `user_name` varchar(45) NOT NULL,
  `password` varchar(45) NOT NULL,
  `new_password` varchar(45) NOT NULL DEFAULT '',
  `is_active` tinyint(4) NOT NULL DEFAULT '1',
  `created_by` int(11) DEFAULT NULL,
  `created_on` timestamp NOT NULL DEFAULT CURRENT_TIMESTAMP,
  `role_id` int(11) DEFAULT '1',
  PRIMARY KEY (`user_id`)
) ENGINE=InnoDB AUTO_INCREMENT=4 DEFAULT CHARSET=utf8;
/*!40101 SET character_set_client = @saved_cs_client */;

--
-- Dumping data for table `user_master`
--

LOCK TABLES `user_master` WRITE;
/*!40000 ALTER TABLE `user_master` DISABLE KEYS */;
INSERT INTO `user_master` VALUES (1,'admin',NULL,'admin','kadav.kiran@gmail.com','admin','admin','',1,1,'2016-09-17 16:19:12',1),(2,'yadnesh',NULL,'patil','kadav.kiran@gmail.com','yadnesh','yadnesh','',1,1,'2016-10-29 15:06:11',2),(3,'pawan',NULL,'pawan','pawan@gmail.com','pawan','pawan','',1,1,'2017-01-26 03:42:47',1);
/*!40000 ALTER TABLE `user_master` ENABLE KEYS */;
UNLOCK TABLES;

--
-- Table structure for table `user_menu_master`
--

DROP TABLE IF EXISTS `user_menu_master`;
/*!40101 SET @saved_cs_client     = @@character_set_client */;
/*!40101 SET character_set_client = utf8 */;
CREATE TABLE `user_menu_master` (
  `menu_id` int(11) NOT NULL AUTO_INCREMENT,
  `menu_description` varchar(45) DEFAULT NULL,
  `created_by` varchar(20) DEFAULT NULL,
  `created_date` datetime DEFAULT NULL,
  `is_active` char(1) DEFAULT NULL,
  PRIMARY KEY (`menu_id`)
) ENGINE=InnoDB AUTO_INCREMENT=7 DEFAULT CHARSET=utf8;
/*!40101 SET character_set_client = @saved_cs_client */;

--
-- Dumping data for table `user_menu_master`
--

LOCK TABLES `user_menu_master` WRITE;
/*!40000 ALTER TABLE `user_menu_master` DISABLE KEYS */;
INSERT INTO `user_menu_master` VALUES (1,'Home','1','2016-10-29 20:36:11','1'),(2,'Order','1','2016-10-29 20:36:11','1'),(3,'Master','1','2016-10-29 20:36:11','1'),(4,'Cooking','1','2016-10-29 20:36:11','1'),(5,'Parcel','1','2016-10-29 20:36:11','1'),(6,'Report','1','2016-10-29 20:36:11','1');
/*!40000 ALTER TABLE `user_menu_master` ENABLE KEYS */;
UNLOCK TABLES;

--
-- Table structure for table `waiter_master`
--

DROP TABLE IF EXISTS `waiter_master`;
/*!40101 SET @saved_cs_client     = @@character_set_client */;
/*!40101 SET character_set_client = utf8 */;
CREATE TABLE `waiter_master` (
  `waiter_id` int(11) NOT NULL AUTO_INCREMENT,
  `wfirst_name` varchar(250) NOT NULL,
  `wlast_name` varchar(250) NOT NULL,
  `wmiddle_name` varchar(250) DEFAULT NULL,
  `email_address` varchar(250) DEFAULT NULL,
  `mobile_number` varchar(11) NOT NULL,
  `is_active` char(1) NOT NULL DEFAULT '1',
  `created_by` int(11) NOT NULL,
  `created_on` timestamp NOT NULL DEFAULT CURRENT_TIMESTAMP,
  PRIMARY KEY (`waiter_id`)
) ENGINE=InnoDB AUTO_INCREMENT=2 DEFAULT CHARSET=utf8;
/*!40101 SET character_set_client = @saved_cs_client */;

--
-- Dumping data for table `waiter_master`
--

LOCK TABLES `waiter_master` WRITE;
/*!40000 ALTER TABLE `waiter_master` DISABLE KEYS */;
INSERT INTO `waiter_master` VALUES (1,'Pankaj','Patil','S',NULL,'9987031082','1',1,'2016-10-14 16:47:09');
/*!40000 ALTER TABLE `waiter_master` ENABLE KEYS */;
UNLOCK TABLES;

--
-- Dumping events for database 'two_pm'
--

--
-- Dumping routines for database 'two_pm'
--
/*!50003 DROP FUNCTION IF EXISTS `getNextCustomSeq` */;
/*!50003 SET @saved_cs_client      = @@character_set_client */ ;
/*!50003 SET @saved_cs_results     = @@character_set_results */ ;
/*!50003 SET @saved_col_connection = @@collation_connection */ ;
/*!50003 SET character_set_client  = utf8 */ ;
/*!50003 SET character_set_results = utf8 */ ;
/*!50003 SET collation_connection  = utf8_general_ci */ ;
/*!50003 SET @saved_sql_mode       = @@sql_mode */ ;
/*!50003 SET sql_mode              = 'STRICT_TRANS_TABLES,NO_AUTO_CREATE_USER,NO_ENGINE_SUBSTITUTION' */ ;
DELIMITER ;;
CREATE DEFINER=`root`@`localhost` FUNCTION `getNextCustomSeq`(
   
) RETURNS varchar(20) CHARSET utf8
BEGIN
    DECLARE nLast_val INT; 
   DECLARE newname VARCHAR(50);

	SELECT DATE_FORMAT(NOW(),'%d-%m-%Y') into newname;
 
    SET nLast_val =  (SELECT seq_val
                          FROM _sequence
                          WHERE seq_name = newname);
    IF nLast_val IS NULL THEN
        SET nLast_val = 1;
        INSERT INTO _sequence (seq_name,seq_val)
        VALUES (newname,nLast_Val);
    ELSE
        SET nLast_val = nLast_val + 1;
        UPDATE _sequence SET seq_val = nLast_val
        WHERE seq_name = newname;
    END IF; 
 
    SET @ret = (SELECT concat(newname,'-',lpad(nLast_val,6,'0')));
    RETURN @ret;
END ;;
DELIMITER ;
/*!50003 SET sql_mode              = @saved_sql_mode */ ;
/*!50003 SET character_set_client  = @saved_cs_client */ ;
/*!50003 SET character_set_results = @saved_cs_results */ ;
/*!50003 SET collation_connection  = @saved_col_connection */ ;
/*!50003 DROP PROCEDURE IF EXISTS `sp_setCustomVal` */;
/*!50003 SET @saved_cs_client      = @@character_set_client */ ;
/*!50003 SET @saved_cs_results     = @@character_set_results */ ;
/*!50003 SET @saved_col_connection = @@collation_connection */ ;
/*!50003 SET character_set_client  = utf8 */ ;
/*!50003 SET character_set_results = utf8 */ ;
/*!50003 SET collation_connection  = utf8_general_ci */ ;
/*!50003 SET @saved_sql_mode       = @@sql_mode */ ;
/*!50003 SET sql_mode              = 'STRICT_TRANS_TABLES,NO_AUTO_CREATE_USER,NO_ENGINE_SUBSTITUTION' */ ;
DELIMITER ;;
CREATE DEFINER=`root`@`localhost` PROCEDURE `sp_setCustomVal`(sSeqName VARCHAR(50),  
              nVal INT UNSIGNED)
BEGIN
DECLARE newname VARCHAR(50);
SELECT DATE_FORMAT(NOW(), '%d-%m-%Y') INTO newname;

    IF (SELECT COUNT(*) FROM _sequence  
            WHERE seq_name = newname) = 0 THEN
        INSERT INTO _sequence (seq_name,seq_val)
        VALUES (newname,nVal);
    ELSE
        UPDATE _sequence SET seq_val = nVal
        WHERE seq_name = newname ;
    END IF;
END ;;
DELIMITER ;
/*!50003 SET sql_mode              = @saved_sql_mode */ ;
/*!50003 SET character_set_client  = @saved_cs_client */ ;
/*!50003 SET character_set_results = @saved_cs_results */ ;
/*!50003 SET collation_connection  = @saved_col_connection */ ;
/*!40103 SET TIME_ZONE=@OLD_TIME_ZONE */;

/*!40101 SET SQL_MODE=@OLD_SQL_MODE */;
/*!40014 SET FOREIGN_KEY_CHECKS=@OLD_FOREIGN_KEY_CHECKS */;
/*!40014 SET UNIQUE_CHECKS=@OLD_UNIQUE_CHECKS */;
/*!40101 SET CHARACTER_SET_CLIENT=@OLD_CHARACTER_SET_CLIENT */;
/*!40101 SET CHARACTER_SET_RESULTS=@OLD_CHARACTER_SET_RESULTS */;
/*!40101 SET COLLATION_CONNECTION=@OLD_COLLATION_CONNECTION */;
/*!40111 SET SQL_NOTES=@OLD_SQL_NOTES */;

-- Dump completed on 2017-02-02 16:52:14
